"Unit","Group","SampleID","Notes","Easting","Northing","Depth_upper","Depth_lower","Depth_mean","Zone","EC","EC_units","pH","MP_fibres","MP_fragments","MP_films","MP_beads","MP_other","Al","As","Ba","Ca","Cd","Ce","Co","Cr","Cu","Fe","Ga","Gd","K","La","Li","Mg","Mn","Mo","Na","Nd","Ni","P","Pb","Rb","S","Sc","Sr","Th","Ti","V","Y","Zn"
"ENVT3361","1","2025-S01","",400288,6468324,0,10,5,"Saltmarsh",3.75,"mS",8.23,NA,NA,NA,NA,NA,9470,3.44,44.7,14969,0.102,19,2.35,17,19.9,13357,7.16,1.573,836,8.68,4.54,2635,186.7,0.743,8383,4.676,5,231.3,306.7,10.5,888,1.382,53.81,5.08,324.6,23.73,4.098,190.2
"ENVT3361","1","2025-S01","",400288,6468324,10,20,15,"Saltmarsh",2.41,"mS",8.28,NA,NA,NA,NA,NA,5369,1.56,25.1,4831,0.102,10.8,1.65,8.9,20.2,8124,5.38,0.744,493,4.32,2.57,1666,97.7,0.445,5466,2.1,4.29,134.2,265.6,5.9,654,0.661,21.13,3.499,293.4,11.25,2.76,231.7
"ENVT3361","1","2025-S01","",400288,6468324,20,30,25,"Saltmarsh",3.73,"mS",7.28,NA,NA,NA,NA,NA,20622,7.63,49.1,4841,0.086,92.5,3.48,30.8,35.3,44008,7.83,6.331,1567,43.45,16.69,2716,113,3.191,7382,32.241,8.58,292.1,153.7,23.8,1123,4.028,38.87,11.481,332.2,50.56,18.425,209.6
"ENVT3361","1","2025-S01","",400288,6468324,30,40,35,"Saltmarsh",3.12,"mS",7.02,NA,NA,NA,NA,NA,43078,7.14,31.9,3797,NA,80.7,4.25,50.5,26.7,47911,11.52,7.505,2162,29.81,33.37,2711,59.2,6.795,7468,35.948,11.8,213.5,75.8,32.6,1060,7.604,33.37,15.285,258.9,91.26,13.761,82.5
"ENVT3361","1","2025-S01","",400288,6468324,40,50,45,"Saltmarsh",2.26,"mS",6.95,NA,NA,NA,NA,NA,50789,8.59,27.2,2833,NA,52.8,3.34,52.3,23.2,40770,11.84,5.272,2319,19.44,39.96,2623,44.9,9.536,7054,25.061,11.87,165,42.7,32.1,970,8.644,28.33,15.21,231,111.29,8.428,33.8
"ENVT3361","1","2025-S01","Sample Missing in Lab",400288,6468324,50,60,55,"Saltmarsh",1083,"µS",6.71,NA,NA,NA,NA,NA,NA,NA,NA,NA,NA,NA,NA,NA,NA,NA,NA,NA,NA,NA,NA,NA,NA,NA,NA,NA,NA,NA,NA,NA,NA,NA,NA,NA,NA,NA,NA,NA
"ENVT3361","1","2025-S01","",400288,6468324,60,65,62.5,"Saltmarsh",3.92,"mS",6.53,NA,NA,NA,NA,NA,22314,2.46,44.5,1775,NA,25.2,2.19,27.8,11.9,16237,10.11,2.099,1137,10.47,15.38,1565,49.2,4.399,5013,10.105,5.94,69.1,33.4,15.7,699,4.36,15.87,10.131,433.6,45.28,3.101,18.1
"ENVT3361","1","2025-S01","",400288,6468324,65,70,67.5,"Saltmarsh",4.46,"mS",5.94,NA,NA,NA,NA,NA,5088,2.51,31.3,688,NA,13.7,0.77,12.7,4.6,18278,6.57,1.197,1162,6.94,2.97,720,32.6,2.016,2651,5.377,0.97,37.5,8.9,4.9,1568,1.72,8.05,6.715,352.1,18.54,1.061,3.1
"ENVT3361","2","2025-S02","",400320,6468252,0,10,5,"Pond_M",8.43,"mS",6.96,NA,NA,NA,NA,NA,54233,4.86,109.7,2637,0.051,309.8,12.48,64.9,140.2,38092,11.31,18.336,3793,131.55,69.26,4629,65.1,1.281,12013,102.621,31.83,788.3,49.3,70.3,2202,9.939,86.67,21.67,328.8,74.95,78.795,202.1
"ENVT3361","2","2025-S02","",400320,6468252,10,20,15,"Pond_M",10.48,"mS",6.14,NA,NA,NA,NA,NA,59980,3.12,107.2,1948,0.098,268.8,10.32,63.7,45.9,25908,11.98,16.968,3515,100.49,75.35,4057,46.5,1.49,9626,95.416,30.07,332,30.3,62.4,1565,10.165,66.81,19.49,317.7,68.21,62.373,97.2
"ENVT3361","2","2025-S02","",400320,6468252,20,30,25,"Pond_M",4.97,"mS",7.09,NA,NA,NA,NA,NA,57923,2.8,121.6,2266,0.072,321.9,11.51,67.9,73.6,34376,11.95,19.135,3684,132.75,72.05,4372,56.7,1.307,9968,108.272,32.3,507.1,33.8,70.7,1621,10.645,83.72,22.269,317.5,77.64,77.134,157
"ENVT3361","2","2025-S02","",400320,6468252,30,40,35,"Pond_M",4.16,"mS",6.82,NA,NA,NA,NA,NA,52010,14.4,99.5,3358,0.048,206.3,11.69,68.4,252.9,46056,14.52,12.547,3646,93.67,48.73,5545,63.6,1.503,15574,68.828,29.02,1505.3,148.7,68.3,2283,10.132,115.57,21.067,389.2,75.16,47.664,311.1
"ENVT3361","2","2025-S02","",400324,6468254,0,10,5,"Pond_M",8.43,"mS",6.96,NA,NA,NA,NA,NA,53430,3.78,128.4,2119,0.011,370.1,11.76,64.2,84.5,35713,10.6,20.595,3637,161.65,70.57,4206,66.7,0.801,9254,119.886,32.34,588.3,33.2,66.3,1652,10.086,131.84,21.299,353.8,69.61,89.688,137.5
"ENVT3361","2","2025-S02","",400324,6468254,10,20,15,"Pond_M",5.53,"mS",6.92,NA,NA,NA,NA,NA,35975,8.98,58.5,5005,0.21,143.2,20.03,53,348.2,50060,11.02,9.586,4766,66.5,38.54,8019,99.5,0.767,29770,49.212,23.4,831.7,65.8,72.9,6681,7.794,87.02,17.821,295.4,58.46,33.937,459.3
"ENVT3361","2","2025-S02","",400324,6468254,20,30,25,"Pond_M",3.68,"mS",6.82,NA,NA,NA,NA,NA,43571,20.82,115.2,3501,0.362,179.3,17.01,61,323.1,54789,12.48,11.456,3405,86.94,47,5069,81.8,1.195,13895,59.473,29.99,2124.1,194.7,58.9,2021,8.544,133.04,19.072,305,68.73,42.832,527.5
"ENVT3361","2","2025-S02","",400324,6468254,30,40,35,"Pond_M",4.17,"mS",6.82,NA,NA,NA,NA,NA,NA,NA,NA,NA,NA,NA,NA,NA,NA,NA,NA,NA,NA,NA,NA,NA,NA,NA,NA,NA,NA,NA,NA,NA,NA,NA,NA,NA,NA,NA,NA,NA
"ENVT3361","3","2025-S03","",400302,6468230,0,10,5,"Pond_M",5.03,"mS",7.15,1980,656.85,656.85,0,0,39605,5.87,53.4,3682,0.083,159.9,9.22,59.9,243.7,31041,12.02,9.857,3861,68.77,36.64,5471,60,1.35,17691,54.462,21.5,447.3,67.7,68.4,5537,9.243,63.77,20.936,329.6,65.66,35.165,206
"ENVT3361","3","2025-S03","",400302,6468230,10,20,15,"Pond_M",1994,"µS",6.24,2773.73,0,0,649,0,40701,3.62,78.4,2151,0.087,213.7,7.74,59.1,58.6,32422,11.7,12.612,3191,85.87,37.56,4018,51.9,0.948,10962,71.678,19.09,409.7,32.9,60.6,1295,9.537,46.02,21.91,347.2,71.1,47.678,141.6
"ENVT3361","3","2025-S03","",400302,6468230,20,30,25,"Pond_M",2023,"µS",6.46,2998,0,0,0,0,54022,4.03,96.7,1610,0.028,201,9.12,60.5,27.1,29124,12.97,13.31,3785,71.75,57.87,3525,41.6,1.093,7857,72.019,21.17,195.2,21,66.6,1194,9.322,43.39,19.444,305.2,77.66,44.676,80.3
"ENVT3361","3","2025-S03","",400302,6468230,30,40,35,"Pond_M",2201,"µS",6.21,342,324.04,0,0,0,53842,3.69,74.5,1315,NA,73.6,8.3,55.1,24.8,27800,13.85,5.885,3302,27.34,50.79,3208,34.7,4.516,8352,27.843,17.64,112.4,11.2,52.8,1269,9.056,34.82,16.738,311.2,78.78,15.383,38.2
"ENVT3361","3","2025-S03","",400296,6468228,0,10,5,"Pond_M",5.6,"µS",7.39,2333,0,666.4,0,0,46535,4.28,60.9,3408,0.055,163.8,9.21,65.5,145.5,32235,14.95,9.795,3894,71.96,39.37,5136,61.1,0.782,15714,55.213,21.94,388.8,47.3,75,4234,10.149,58.22,22.831,431.3,68.73,34.437,130.2
"ENVT3361","3","2025-S03","",400296,6468228,10,20,15,"Pond_M",1974,"µS",6.37,0,0,0,0,0,47954,4.37,112.7,1832,NA,182.1,9.05,59.7,34.6,38480,12.8,11.88,3811,68.78,47.93,3778,44.9,1.073,8431,63.568,18.92,246.6,24.7,67.8,1137,9.442,42.27,20.021,280.5,75.77,39.638,84.8
"ENVT3361","3","2025-S03","",NA,NA,NA,NA,NA,"Pond_M",NA,NA,NA,NA,NA,NA,NA,NA,NA,NA,NA,NA,NA,NA,NA,NA,NA,NA,NA,NA,NA,NA,NA,NA,NA,NA,NA,NA,NA,NA,NA,NA,NA,NA,NA,NA,NA,NA,NA,NA
"ENVT3361","3","2025-S03","",NA,NA,NA,NA,NA,"Pond_M",NA,NA,NA,NA,NA,NA,NA,NA,NA,NA,NA,NA,NA,NA,NA,NA,NA,NA,NA,NA,NA,NA,NA,NA,NA,NA,NA,NA,NA,NA,NA,NA,NA,NA,NA,NA,NA,NA,NA,NA
"ENVT3361","4","2025-S04","",400196,6468332,0,5,2.5,"Path",322,"µS",7.82,7,NA,NA,NA,NA,24377,6.32,145.8,7724,0.023,51.4,3.59,44.4,19,37369,9.06,3.843,1250,26.35,11.58,1914,73,5.344,830,17.802,7.57,434,24.5,20.5,682,6.248,50.61,14.706,146.6,76.54,7.611,52.1
"ENVT3361","4","2025-S04","",400196,6468332,5,10,7.5,"Path",206.2,"µS",6.3,9,NA,NA,NA,NA,26532,5.66,106.6,4969,0.014,51,3.12,45.8,16.9,36735,10.6,3.808,1045,25.9,11.03,1503,48.4,5.058,950,17.709,7.77,290.5,24.4,19.9,395,6.524,33.49,17.061,219.6,72.71,6.688,34.4
"ENVT3361","4","2025-S04","",400196,6468332,10,15,12.5,"Path",173.6,"µS",6.6,5,2,NA,NA,NA,33109,8.5,95.5,5231,NA,53.2,3.71,56.9,17.7,47576,12.81,4.339,1202,28.21,12.9,1731,44.6,7.443,993,18.243,9.05,268.8,27.5,23.5,386,8.282,35.35,21.634,198.4,95.17,7.27,31.2
"ENVT3361","4","2025-S04","",400196,6468332,15,20,17.5,"Path",171.5,"µS",7.1,67,NA,NA,NA,NA,38660,11.44,91.7,4653,NA,52.2,4.08,64.6,16.4,60988,13.59,4.56,1179,27.98,15.21,1801,40.3,10.664,806,17.332,9.03,195.8,27.8,24.3,344,9.365,32.11,26.148,206.4,108.18,6.83,22.8
"ENVT3361","4","2025-S04","",400196,6468332,20,25,22.5,"Path",65.1,"µS",7.25,12,1,NA,NA,NA,41602,15.64,91.2,4410,NA,50.2,3.91,70.3,15.9,77701,14.3,5.206,1203,27.17,16.8,1933,34.6,12.968,844,17.249,8.77,166.3,27.6,23.9,363,10.206,31.44,28.861,192.6,121.37,6.65,16.3
"ENVT3361","4","2025-S04","",400196,6468332,25,30,27.5,"Path",82.4,"µS",7.1,2,NA,NA,NA,NA,42592,16.47,77.2,3827,NA,46.7,3.92,71.7,14.8,87942,13.83,5.436,1182,24.76,19.1,2004,32.2,14.49,809,16.641,8.62,146.1,26.6,23.7,346,10.688,27.36,25.959,179.1,122.85,6.189,13.2
"ENVT3361","4","2025-S04","",400196,6468332,30,35,32.5,"Path",148.8,"µS",6.9,7,NA,NA,NA,NA,38176,15.06,65.8,2988,NA,46.1,3.97,62.1,12.8,71364,13.65,4.833,1032,24.27,17.77,1774,32.7,12.45,704,16.346,7.87,104.9,22.2,20.2,287,9.671,22.07,21.976,215.1,106.4,5.85,11.8
"ENVT3361","4","2025-S04","",400196,6468332,35,40,37.5,"Path",147.7,"µS",6.65,3,NA,NA,NA,NA,29941,8.17,125.9,6697,0.04,51.9,3.67,51,22.5,41197,11.05,4.094,1245,27.15,12.8,1865,75.9,5.884,1033,18.023,9.2,366.2,28.1,22.9,542,7.193,43.97,17.501,193.4,86.24,7.577,49.7
"ENVT3361","5","2025-S05","",400305,6468345,0,5,2.5,"Path",133.9,"µS",7.75,NA,NA,NA,NA,NA,11337,4.29,40.3,14199,0.14,30.9,1.96,20,14.3,14662,5.55,2.073,628,15.39,6.66,803,57,2.475,570,10.491,3.69,268,26.3,8.5,294,2.547,39.77,7.851,220.3,31.24,5.059,138.8
"ENVT3361","5","2025-S05","",400305,6468345,5,10,7.5,"Path",109.2,"µS",8.1,NA,NA,NA,NA,NA,10174,3.62,36.8,18860,0.09,24.3,1.62,17.1,11.5,13640,5.2,1.913,521,12.34,5.58,749,51.8,2.024,468,8.081,3.05,190.4,24.2,7.3,217,2.314,48.39,7.024,211.5,28.75,4.44,109.7
"ENVT3361","5","2025-S05","",400305,6468345,10,15,12.5,"Path",114.2,"µS",7.79,NA,NA,NA,NA,NA,8869,3.49,29.1,14856,0.075,18.7,1.36,13.9,9.6,11070,5.02,1.325,448,9.44,4.65,651,48,1.53,459,6.196,2.69,157.1,24.1,6,191,1.852,36.4,5.926,207.7,22.73,3.376,80.2
"ENVT3361","5","2025-S05","",400305,6468345,15,20,17.5,"Path",82.3,"µS",8.02,NA,NA,NA,NA,NA,7745,2.72,21.5,15236,0.063,11.1,1.45,13.1,10.2,10144,5.54,0.961,338,5.56,3.39,839,65.1,0.914,612,3.33,2.79,159.3,32.8,4.3,165,1.236,34.98,4.929,286,22.57,2.411,57.4
"ENVT3361","5","2025-S05","",400305,6468345,20,25,22.5,"Path",94.5,"µS",8.08,NA,NA,NA,NA,NA,6057,2.51,24.5,16894,0.077,10,1.24,9.9,10.6,8067,3.66,0.832,303,5.13,2.7,528,45.7,0.689,760,2.732,1.87,160.4,88.9,3.6,195,1.016,38.95,3.867,187.6,18.38,2.146,65.3
"ENVT3361","5","2025-S05","",400305,6468345,25,30,27.5,"Path",70.5,"µS",8.26,NA,NA,NA,NA,NA,4249,2.71,18.7,14878,0.074,7.5,1.1,6.5,11.6,5212,2.86,0.52,221,3.72,3.54,398,52.3,0.5,1611,1.616,1.45,110.4,35.1,3,135,0.602,33.06,2.733,171,11.45,1.565,48.2
"ENVT3361","5","2025-S05","",400305,6468345,30,35,32.5,"Path",76.8,"µS",8.26,NA,NA,NA,NA,NA,5235,3.51,29.2,14243,0.053,9.3,1.07,7.2,9,5906,4,0.57,277,4.46,2.28,403,40.4,0.371,2482,2.285,1.44,106.8,32.6,2.8,145,0.714,33.76,3.503,229.5,12.97,1.633,45.3
"ENVT3361","5","2025-S05","",NA,NA,NA,NA,NA,"Path",NA,NA,NA,NA,NA,NA,NA,NA,NA,NA,NA,NA,NA,NA,NA,NA,NA,NA,NA,NA,NA,NA,NA,NA,NA,NA,NA,NA,NA,NA,NA,NA,NA,NA,NA,NA,NA,NA,NA,NA
"ENVT3361","6","2025-S06","",400043,6468186,0,10,5,"Woolcock",3.92,"mS",6.4,NA,NA,NA,NA,NA,41086,4.44,25.9,2620,0.139,72.8,13.9,48.7,39.2,25170,14.52,5.33,2294,31.51,42.09,4423,45.3,9.407,15582,27.695,15.12,286.8,31,35.3,9349,7.048,42.19,14.506,398.2,63.23,14.08,630.4
"ENVT3361","6","2025-S06","",400043,6468186,10,20,15,"Woolcock",2.2,"mS",6.09,NA,NA,NA,NA,NA,39779,5.56,19.4,1672,0.096,99.3,13.18,44.8,14.9,37006,13.18,7.169,1878,43.58,45.98,2496,48.2,6.328,5621,36.797,13.37,213.5,27.9,27.7,3090,6.698,25.32,14.24,423.7,63.65,20.427,756.9
"ENVT3361","6","2025-S06","",400043,6468186,0,10,5,"Woolcock",13.91,"mS",6.75,NA,NA,NA,NA,NA,29190,7.45,61.7,1172,NA,38.4,4.07,43.9,14.6,35709,18.88,3.239,1496,18.6,23.98,2022,61.3,4.732,4287,14.878,8.12,57.5,10.4,23.5,722,6.155,19.73,17.906,804.4,57.11,5.739,49.6
"ENVT3361","6","2025-S06","",400043,6468186,10,20,15,"Woolcock",2.38,"mS",7.1,NA,NA,NA,NA,NA,36138,6.71,61.9,1013,NA,47.5,5.36,50.2,15.1,29996,18.57,3.855,1760,22.63,32.21,2347,58.8,6.04,3632,18.36,10.12,70.2,12.7,30.1,462,7.31,20.29,20.073,696.1,77.05,7.944,78.5
"ENVT3361","6","2025-S06","",400038,6468179,0,10,5,"Woolcock",4.34,"mS",6.54,NA,NA,NA,NA,NA,28834,5.98,21.5,1743,0.061,76.1,9.71,36.2,15.2,35271,10.21,6.017,1646,29.92,34.48,2729,46.2,5.684,8689,29.208,9.36,200.2,23.1,21.9,3226,5.418,25.18,12.193,348.7,51.2,16.423,498.8
"ENVT3361","6","2025-S06","",400038,6468179,10,20,15,"Woolcock",2.03,"mS",6.44,NA,NA,NA,NA,NA,25897,6.29,30.9,1328,0.063,59.1,8.45,37.6,13.3,34122,11.19,5.033,1570,24.01,29.17,2273,46.4,4.191,5518,23.099,7.83,130.5,18.6,21.4,2484,5.527,19.41,13.952,386.6,52.06,11.919,336.2
"ENVT3361","6","2025-S06","",400045,6468181,0,10,5,"Woolcock",4.05,"mS",7.1,NA,NA,NA,NA,NA,18814,5.41,63.5,1113,0.022,37.1,5.14,32.4,13,32826,10.88,3.217,1203,16.53,19.98,1994,44.3,3.978,5534,14.663,5.65,94.4,11.7,16.8,2236,4.531,19.43,12.922,427.5,45.87,6.764,143.1
"ENVT3361","6","2025-S06","",400045,6468181,10,20,15,"Woolcock",2.18,"mS",6.6,NA,NA,NA,NA,NA,27810,4.18,50.8,1048,0.026,50.2,7.49,39.4,14.6,22264,12.39,3.882,1535,22.14,29.62,2244,44.3,4.286,4464,18.652,8.83,94.1,14.6,21.4,2559,5.745,19.46,14.915,461.3,49.71,9.608,355.5
"ENVT3361","7","2025-S0701","",400457,6468325,0,10,5,"Pond_N",8.95,"mS",5.8,NA,NA,NA,NA,NA,59652,8.97,60.5,2152,0.026,168.2,6.75,59.3,128.5,33642,14.35,14.297,3019,51.86,55.8,3877,46.5,2.772,12273,75.745,23.96,666.1,32.4,55.1,1873,9.244,59.73,18.153,440.9,64.57,32.869,74.3
"ENVT3361","7","2025-S0701","",400457,6468325,10,20,15,"Pond_N",10.16,"mS",5.95,NA,NA,NA,NA,NA,53919,39.76,62,3448,0.067,163.9,6.78,55,313.6,46770,13,12.798,2658,59.88,42.11,4835,46.6,4.103,17892,65.059,19.5,2810.3,149.5,46.2,3509,7.348,83.05,14.907,367.2,65.65,39.05,220.9
"ENVT3361","7","2025-S0701","",400457,6468325,20,30,25,"Pond_N",9.78,"mS",5.62,NA,NA,NA,NA,NA,55193,16.04,90.2,2766,0.096,150.3,7.15,53.9,129.6,44429,11.67,13.97,3039,46.82,60.01,4330,39.8,4.123,18520,70.436,24.74,943.4,50.6,49.2,3323,7.831,92.25,16.162,327.9,62.6,29.903,88.5
"ENVT3361","7","2025-S0701","",400457,6468325,30,40,35,"Pond_N",7.27,"mS",5.53,NA,NA,NA,NA,NA,72196,5.22,119.7,1929,0.021,139.1,9.86,60.5,39.1,38277,13.39,13.997,3897,43.07,114.01,3825,35.9,4.953,13792,70.021,35.64,538.7,25.2,57.5,2539,9.359,129.8,16.404,316.5,79.13,23.926,34.2
"ENVT3361","7","2025-S0701","",400457,6468325,40,60,50,"Pond_N",4.95,"mS",6.1,NA,NA,NA,NA,NA,43763,4.94,59.6,2228,NA,36.4,4.43,47.8,17.8,25068,15.88,3.128,1786,15.81,28.6,2188,60.8,5.928,5210,15.336,11.17,90.4,38.2,29.2,857,7.192,21.61,15.944,542.9,65.44,4.669,24.4
"ENVT3361","7","2025-S0702","",400457,6468325,0,10,5,"Pond_N",15.85,"mS",5.63,NA,NA,NA,NA,NA,39302,62.16,86.3,5944,0.195,194.2,6.78,43.8,595.4,61985,9.53,13.982,2457,79.52,27.19,7407,49.6,7.313,33552,68.479,17.27,4388.1,307.3,25.1,8307,4.716,155.12,8.995,241.9,58.02,53.318,351.8
"ENVT3361","7","2025-S0702","",400457,6468325,10,20,15,"Pond_N",9.97,"mS",5.65,NA,NA,NA,NA,NA,57479,9.4,69.7,2136,NA,166.5,6.54,61.2,197.8,27749,14.89,12.251,2937,61.13,53.52,4162,47.9,1.827,13890,65.411,22.47,1252.3,55.2,59,2013,9.158,60.7,18.574,438.1,64.43,36.063,89.1
"ENVT3361","7","2025-S0703","",400457,6468325,0,10,5,"Pond_N",10.26,"mS",5.46,NA,NA,NA,NA,NA,34803,57.99,85.2,4267,0.173,141.4,8.45,43.6,633.7,72392,9.17,9.939,1934,66.57,22.89,4610,56.7,6.072,18252,46.976,16.95,3640.6,287.8,22,6006,4.398,143.51,8.776,229.4,52.51,36.94,457.2
"ENVT3361","7","2025-S0703","",400457,6468325,10,20,15,"Pond_N",6.67,"mS",5.85,NA,NA,NA,NA,NA,49035,5.63,64.6,1859,NA,139.9,5.89,54.9,138.6,26754,13.42,10.132,2703,51.93,47.96,3473,43,1.582,9889,54.539,20,847.3,47.7,50.8,1438,8.23,57.2,17.994,389.3,59.2,28.407,89.8
"ENVT3361","7","2025-S0703","",400457,6468325,20,30,25,"Pond_N",6.86,"mS",5.86,NA,NA,NA,NA,NA,62542,5.86,85.5,1992,0.043,142.6,8.53,53.4,131.5,25887,11.59,13.288,3350,45.13,98.82,3600,34.8,3.7,12512,69.222,29.56,654.8,28.9,48.9,2306,8.13,98.88,14.839,323.4,64.98,28.306,92.1
"ENVT3361","8","2025-S08","",400469,6468314,0,10,5,"Pond_N",15360,"µS",6.69,NA,NA,NA,NA,NA,23747,31.84,82.2,5058,0.219,102.1,11.79,33.3,396.1,118853,6.18,9.162,3079,51.33,23.06,6574,158,2.342,28068,36.383,13.08,2689.3,117.7,34.8,6493,3.907,142.92,10.149,171.1,44.07,24.505,354.7
"ENVT3361","8","2025-S08","",400469,6468314,10,20,15,"Pond_N",10650,"µS",6.33,NA,NA,NA,NA,NA,27016,37.34,80.8,2656,0.184,120.2,10.53,40.8,400.2,123582,7.43,10.495,1987,61.11,20.4,3510,80.5,2.611,14498,42.002,15.36,3157.2,193.7,27.1,3694,4.303,187.76,11.324,177.7,56.54,29.206,403.9
"ENVT3361","8","2025-S08","",400469,6468314,20,30,25,"Pond_N",18060,"µS",6.66,NA,NA,NA,NA,NA,28747,28.51,76.8,3587,0.161,118.9,10.6,35.5,296.6,100689,7.38,9.267,2190,58.89,21.8,4538,113.2,1.561,18348,41.184,14.58,2518,128.6,29.2,4283,4.758,130.04,12.685,244.8,56.78,29.307,344.1
"ENVT3361","8","2025-S08","",400469,6468314,0,10,5,"Pond_N",15360,"µS",6.69,NA,NA,NA,NA,NA,22402,31.6,78.4,5443,0.252,100,12.39,31.2,400.7,116261,5.97,8.944,3057,49.99,21.87,7014,174,2.015,29085,35.677,12.8,2666.5,113.4,32.4,6814,3.626,142.15,9.398,160.2,42.78,24.494,368.4
"ENVT3361","8","2025-S08","",400469,6468314,10,20,15,"Pond_N",10650,"µS",6.33,NA,NA,NA,NA,NA,30228,42.15,83.1,2695,0.147,127.7,11.24,38.3,394.7,126976,6.84,10.828,2100,64.06,22.2,3681,83.9,2.625,15230,44.527,16.47,3258.7,200.4,30.5,3807,4.784,183.42,12.396,218.5,62,30.971,416.3
"ENVT3361","8","2025-S08","",400469,6468314,20,30,25,"Pond_N",18060,"µS",6.66,NA,NA,NA,NA,NA,27159,24.84,72.3,3410,0.188,116,10.33,33.8,296.3,95094,7.07,9.183,2097,57.85,20.8,4389,107.8,1.536,17398,40.261,13.93,2432.8,127.9,27.8,4136,4.598,124.22,12.778,200.2,55.46,28.694,346.4
"ENVT3361","8","2025-S08","",400469,6468314,0,10,5,"Pond_N",15360,"µS",6.69,NA,NA,NA,NA,NA,25882,35.92,86.3,5535,0.266,106.3,11.67,34.9,471,132003,6.91,9.733,3233,53.29,23.56,7108,164.3,2.561,32401,38.734,13.53,2950.3,126.9,34.7,6848,3.995,154.31,10.499,199,46.68,25.868,387.2
"ENVT3361","8","2025-S08","",400469,6468314,10,20,15,"Pond_N",10650,"µS",6.33,NA,NA,NA,NA,NA,25039,36.94,73.3,2344,0.182,114.3,10.31,32.5,422.9,116892,6.65,9.862,1769,57.52,18.26,3228,76.1,2.617,13121,39.994,14.22,3001.1,186.7,23,3453,3.983,165.17,10.599,171.2,55.04,28.162,389
"ENVT3361","9","2025-S09","",400393,6468281,0,10,5,"Pond_N",NA,NA,NA,NA,NA,NA,NA,NA,59113,8.98,132,2461,0.043,158.3,6.67,53.4,92.9,54513,10.89,12.229,4244,66.56,59.44,4866,41,5.28,21309,63.071,23.61,751.6,46.2,53.6,4997,8.026,187.14,16.594,250.4,73.46,35.042,74.3
"ENVT3361","9","2025-S09","",400393,6468281,10,20,15,"Pond_N",NA,NA,NA,NA,NA,NA,NA,NA,53593,6.86,124,2018,0.044,146.2,7.23,47.3,44.1,57250,9.61,12.595,3776,54.2,61.27,3592,39.3,4.773,14003,62.525,23.23,458.1,24.2,44.1,4307,7.343,177.45,14.418,222.9,68.64,29.139,45.5
"ENVT3361","9","2025-S09","",400393,6468281,20,30,25,"Pond_N",NA,NA,NA,NA,NA,NA,NA,NA,74471,12,156,1808,0.03,81,8.32,60,40.4,72025,13.17,7.718,5752,41.8,70.24,4060,43.8,9.398,16918,34.218,20.82,409.5,29.6,62.2,6527,10.314,231.87,17.338,244.6,104.99,11.323,27.3
"ENVT3361","9","2025-S09","",400393,6468281,0,10,5,"Pond_N",3.88,"mS",7.4,NA,NA,NA,NA,NA,36633,8.73,90.7,4883,0.115,128.5,8.04,44.1,204.6,36122,9.45,9.192,3485,57.22,38.63,7743,53,4.118,38894,48.465,20.52,849.8,56.5,51,10900,6.326,144.84,13.154,252.9,50.83,31.149,208.1
"ENVT3361","9","2025-S09","",400393,6468281,10,20,15,"Pond_N",1.723,"mS",6.11,NA,NA,NA,NA,NA,52405,7.62,109.9,3634,0.014,199.1,7.44,56.5,206.6,34206,11.37,13.234,3847,84.88,53.83,6327,45.7,3.136,27251,71.885,25.07,1016.1,73,61.1,4802,8.157,152.48,17.04,332.5,61.76,48.449,128.6
"ENVT3361","9","2025-S09","",400393,6468281,20,30,25,"Pond_N",4.19,"mS",5.33,NA,NA,NA,NA,NA,51662,3.82,123.7,2135,NA,188.5,6.77,59.6,71.8,31220,11.9,12.119,3785,84.09,58.15,4383,46.6,2.445,13529,67.848,23.33,532.3,41.7,62.4,2561,9.342,156.27,19.432,336.3,68.27,42.296,73.5
"ENVT3361","9","2025-S09","",NA,NA,NA,NA,NA,"Pond_N",NA,"",NA,NA,NA,NA,NA,NA,NA,NA,NA,NA,NA,NA,NA,NA,NA,NA,NA,NA,NA,NA,NA,NA,NA,NA,NA,NA,NA,NA,NA,NA,NA,NA,NA,NA,NA,NA,NA,NA
"ENVT3361","9","2025-S09","",NA,NA,NA,NA,NA,"Pond_N",NA,"",NA,NA,NA,NA,NA,NA,NA,NA,NA,NA,NA,NA,NA,NA,NA,NA,NA,NA,NA,NA,NA,NA,NA,NA,NA,NA,NA,NA,NA,NA,NA,NA,NA,NA,NA,NA,NA,NA
"ENVT3361","10","2025-S10","",400442,6468262,0,10,5,"Saltmarsh",11.51,"mS",5.46,3728,0,0,0,0,40123,8.1,84.4,1682,0.045,64.6,6.64,64.1,79,70712,16.9,6.954,4230,26.5,19.24,5416,82.1,0.723,20901,31.311,17.13,498.5,23,69.4,5073,8.872,64.04,21.101,437.6,74.66,9.852,23.1
"ENVT3361","10","2025-S10","",400442,6468262,10,20,15,"Saltmarsh",8.46,"mS",4.72,2142,0,0,0,0,43129,8.02,154.7,1188,NA,92.6,4.87,51.8,41.7,52880,11.46,8.64,5389,42.1,27.95,3370,46.2,2.779,13277,41.366,12.9,444.5,30.7,50.5,7768,8.038,196.9,14.851,270.9,68.07,13.225,13.5
"ENVT3361","10","2025-S10","",400442,6468262,20,30,25,"Saltmarsh",3.27,"mS",4.42,1986,0,0,331,0,49414,5.57,130.5,982,NA,74.2,5.18,51.5,30.8,47369,11.18,6.525,5381,42.85,33.34,3079,32.3,4.049,11515,30.72,14,297.3,31.9,55.8,6578,8.954,172.14,15.823,215.8,66.11,9.569,11.7
"ENVT3361","10","2025-S10","",400442,6468262,30,40,35,"Saltmarsh",5.46,"mS",4.37,2162,333,0,0,0,51446,12.7,98.5,1012,0.029,30,7.67,58.6,24.1,73739,13.88,4.459,3318,14.77,28.36,3668,34.2,12.812,13808,14.791,10.52,124.6,12.1,59.3,2288,9.385,42.1,16.888,262.3,87.65,4.213,13
"ENVT3361","10","2025-S10","",400442,6468262,40,50,45,"Saltmarsh",6.69,"mS",3.95,1650,330,330,0,0,15969,3.07,83.7,610,NA,24.4,2.18,23.2,8.1,18161,11.37,1.81,1234,11.51,9.28,1391,47.9,3.947,7258,8.526,4.08,40.8,4.8,14.9,1263,3.095,16.52,10.709,549.2,22.01,2.137,9.9
"ENVT3361","10","2025-S10","",400442,6468262,50,60,55,"Saltmarsh",7.66,"mS",3.62,333,0,333,0,0,10186,4.26,27.9,527,0.013,19.3,1.41,19.2,7.1,29853,10.79,1.685,1950,9.32,5.23,1213,45.9,2.84,6297,7.364,2.13,31.5,6.5,10.3,2919,2.189,10.07,9.277,570.4,23.59,1.693,4.4
"ENVT3361","10","2025-S10","",400442,6468262,60,70,65,"Saltmarsh",4.04,"mS",3.89,1964,0,0,0,0,19729,9.63,64.4,703,0.029,19.3,2.78,40.8,13.8,63846,14.05,3.018,6025,9.11,10.03,1775,50.3,3.032,8005,8.501,3.89,33,29.9,21.3,9191,4.692,14.01,13.019,565.1,55.34,2.127,7.3
"ENVT3361","10","2025-S10","",NA,NA,NA,NA,NA,"Saltmarsh",NA,NA,NA,2333,0,0,0,0,NA,NA,NA,NA,NA,NA,NA,NA,NA,NA,NA,NA,NA,NA,NA,NA,NA,NA,NA,NA,NA,NA,NA,NA,NA,NA,NA,NA,NA,NA,NA,NA
"ENVT3361","11","2025-S11","G11 S1",400359,6468258,0,10,5,"Pond_N",8.98,"mS",6.25,4000,0,0,0,0,45149,5.12,98.5,2745,0.029,208.7,6.97,61.7,126.2,25935,13.76,11.462,3704,98.36,46.7,5343,55.4,1.937,18352,65.269,23.3,755.8,134.7,67.9,2641,9.252,121.28,20.084,378.2,64.13,51.399,99.1
"ENVT3361","11","2025-S11","G11 S2",400359,6468258,10,20,15,"Pond_N",7.5,"mS",5.6,0,0,0,0,0,59917,3.44,120.9,2571,0.056,355.5,9.46,67.3,73.4,29345,13.55,20.566,3981,142.1,69.75,5477,53.3,2.023,20646,117.623,33.65,578.9,49.5,74.5,2924,10.348,109.85,22.495,483.7,71.89,90.583,121.1
"ENVT3361","11","2025-S11","G11 S3",400359,6468258,20,25,22.5,"Pond_N",11.52,"mS",6.04,1000,0,0,0,0,47836,3.31,102,2781,0.03,288.5,7.71,59.1,92.1,23689,11.39,15.564,4074,123.34,55.06,6619,47.1,1.247,29766,90.811,27.01,510.2,47.1,72.4,3127,9.152,96.73,20.531,372.2,60.61,71.432,112.6
"ENVT3361","11","2025-S11","G11 S4",400359,6468254,0,10,5,"Pond_N",3.52,"mS",5.78,667,0,0,0,0,48632,6.56,93.4,1975,NA,238.9,7.98,66.7,123.1,30282,13.91,13.045,3535,109.27,47.62,4429,53.4,0.939,13199,75.429,25.43,674.1,67.4,70,1593,10.181,62.14,23.669,361.3,70.65,58.531,93.3
"ENVT3361","11","2025-S11","G11 S5",400359,6468254,10,20,15,"Pond_N",7.8,"mS",6.11,1000,0,0,0,0,51795,3.89,112.3,1665,NA,292.3,9.51,66.8,59,31045,12.73,16.116,3453,122.94,59.91,4168,50.9,1.08,11551,93.856,30.69,498.4,41.2,65.1,1442,10.068,67.5,22.679,390.8,71.81,73.58,113.9
"ENVT3361","11","2025-S11","G11 S6",400359,6468254,20,30,25,"Pond_N",7.63,"mS",5.46,1667,0,0,0,0,53096,2.98,103.3,1725,0.034,269.7,8.95,60.3,47.7,25186,10.67,18.665,3478,95.53,68.47,4164,39.2,1.863,13231,101.606,33.35,509.8,37.1,61.1,2017,9.194,69.54,19.199,284.3,68.03,65.75,113.3
"ENVT3361","11","2025-S11","G11 S7",400364,6468254,0,10,5,"Pond_N",4.52,"mS",5.68,1667,0,0,0,0,49696,6.06,115.7,2058,0.023,214.2,8.68,67.7,140.9,29320,14.52,12.562,3495,90.83,55.7,4127,51,1.105,11205,70.775,29.89,748.5,68.1,64.1,1931,9.795,76.26,21.904,363.2,67.47,48.626,133.2
"ENVT3361","11","2025-S11","G11 S8",400364,6468254,10,20,15,"Pond_N",7.99,"mS",5.57,0,0,0,0,0,51890,4.26,112.4,2247,0.053,295.1,9.07,64.1,114,27964,11.57,18.02,3595,112.62,63.39,4597,53.4,1.621,16549,101.838,31.63,730.2,52,67.5,2607,9.787,81.07,21.932,310.6,71.37,74.1,130.4
"ENVT3361","11","2025-S11","G11 S9",400364,6468254,20,30,25,"Pond_N",7.98,"mS",5.45,1333,0,0,0,0,55780,2.41,103.4,1526,NA,228.8,7.75,54.5,38,29643,10.49,15.626,3472,80.56,70.56,4055,37.5,3.303,15192,85.616,26.31,288.8,31.5,55,2242,8.861,78.66,18.578,276,64.19,54.01,75.1
"ENVT4461","12","2025-S12","",400320,6468211,0,10,5,"Pond_M",7.33,"",5.09,5333,333,0,333,0,39684,16.61,101.2,2981,0.131,149.6,12.77,62,365.7,55621,13.43,10.095,3988,69.94,41.14,4811,65.9,2.587,17080,50.719,22.56,1556.5,161.2,67.8,4797,8.65,119.61,20.858,317,68.78,33.668,322.9
"ENVT4461","12","2025-S12","",400320,6468221,10,20,15,"Pond_M",2.83,"",6.36,8000,3000,0,0,0,61031,5.63,110.9,1443,NA,192,9.67,73.6,110.1,45231,16.78,13.474,4030,70,57.83,4052,62,1.853,7990,69.893,21.94,417.3,56.9,84.6,1276,11.852,47.63,25.722,355.7,88.57,42.099,127.2
"ENVT4461","12","2025-S12","",NA,NA,20,30,25,"Pond_M",NA,"",NA,NA,NA,NA,NA,NA,NA,NA,NA,NA,NA,NA,NA,NA,NA,NA,NA,NA,NA,NA,NA,NA,NA,NA,NA,NA,NA,NA,NA,NA,NA,NA,NA,NA,NA,NA,NA,NA
"ENVT4461","12","2025-S12","",400320,6468215,0,10,5,"Pond_M",14.31,"",6.62,1667,333,0,333,0,49037,8.25,81.8,2929,0.068,171.9,10.24,71.2,216.8,44633,15.62,10.767,4236,75.25,45.1,4921,72,1.398,15560,59.09,22.23,771.4,99.9,84.4,3122,11.162,63.7,26.467,395.4,79.86,37.439,187.9
"ENVT4461","12","2025-S12","",400320,6468215,10,20,15,"Pond_M",2.9,"",5.67,4000,0,0,0,0,53677,3.05,78.2,1346,NA,150.7,7.76,67.6,108.4,33595,15.67,10.037,3609,53.45,46.28,3607,56.3,1.21,7881,54.516,18.36,295.6,48.8,76.5,1183,10.999,36.02,24.266,373,79.5,28.81,57.6
"ENVT4461","12","2025-S12","",NA,NA,20,30,25,"Pond_M",NA,"",NA,NA,NA,NA,NA,NA,NA,NA,NA,NA,NA,NA,NA,NA,NA,NA,NA,NA,NA,NA,NA,NA,NA,NA,NA,NA,NA,NA,NA,NA,NA,NA,NA,NA,NA,NA,NA,NA
"ENVT4461","12","2025-S12","",400314,6468212,0,10,5,"Pond_M",7.85,"",6.01,2667,333,0,333,0,50576,9.53,94.3,2906,0.048,205.5,10.41,72.7,265.5,45148,15.31,12.172,4193,94.48,45.47,5358,67,2.052,17230,66.636,24.24,1079.2,256.7,80.5,3344,10.974,108.08,24.812,415.7,79.8,46.347,194.2
"ENVT4461","12","2025-S12","",400314,6468212,10,20,15,"Pond_M",5.84,"",6.36,3333,1000,0,0,0,53346,4.15,103.1,1391,NA,183.1,8.07,70.8,99.8,39036,15.68,12.592,3837,62.44,45.65,3935,54.9,1.331,8532,67.619,18.54,277.9,47.7,82.9,1049,11.363,37.92,25.844,374,81.14,37.031,64.2
"ENVT4461","13","2025-S13","",400305,6468204,0,10,5,"Pond_M",7.03,"mS",6.77,NA,NA,NA,NA,NA,42538,7.69,76.2,2519,0.044,156.2,8.19,68,126.2,41647,15.38,9.615,3830,75.83,33.35,5278,65,1.633,17217,51.863,19.89,598,73.8,73.2,2239,10.592,49.52,24.486,390.9,76.09,34.48,123.8
"ENVT4461","13","2025-S13","",400305,6468204,10,20,15,"Pond_M",4.01,"mS",6.25,NA,NA,NA,NA,NA,42913,4.35,82.8,1543,0.022,195.8,8.01,65.1,54.8,34496,13.62,12.102,3726,81.42,36.3,4200,55.3,1.699,10305,65.628,17.38,249.8,35.8,71.8,1126,10.659,35.26,25.246,373.1,75.53,42.734,85
"ENVT4461","13","2025-S13","",400305,6468204,20,30,25,"Pond_M",8.11,"mS",5.8,NA,NA,NA,NA,NA,44015,4.87,81.4,1476,NA,120.9,7.37,58.2,44.7,34452,13.78,8.032,3595,48.75,38.88,4144,46.9,4.35,11846,42.584,14.6,194.8,25.3,66.9,1536,9.736,33.23,20.911,335.1,75.33,26.204,63.4
"ENVT4461","13","2025-S13","",400307,6468206,0,10,5,"Pond_M",11.96,"mS",6.37,NA,NA,NA,NA,NA,36548,9.5,60.6,3336,0.031,127.5,8.27,61.9,168.2,45420,12.22,8.497,3461,59.3,31.24,5484,59.7,2.484,22264,43.699,17.71,813.4,92.3,64.5,3382,8.496,58.59,19.64,307.5,67.76,28.042,150.9
"ENVT4461","13","2025-S13","",400307,6468206,10,20,15,"Pond_M",3.22,"mS",5.84,NA,NA,NA,NA,NA,41296,5.14,90.6,1542,0.012,187.4,7.5,61.3,60.8,37429,13.28,11.341,3626,77.99,32.87,4054,54.9,1.702,10983,62.572,16.96,295.2,36.9,68.7,1126,10.069,36.21,23.921,351.1,77.15,40.393,77.6
"ENVT4461","13","2025-S13","",400307,6468206,20,30,25,"Pond_M",2.29,"mS",5.71,NA,NA,NA,NA,NA,43470,4.38,77.2,1490,NA,136.9,7.36,60.8,41.4,35023,13.86,9.278,3541,52.35,35.77,3930,50.1,2.189,10607,49.178,15.99,242,28.2,67.2,1402,9.589,33.49,21.062,345.1,73.46,28.182,58.5
"ENVT4461","13","2025-S13","",400307,6468205,0,10,5,"Pond_M",4.53,"mS",6.74,NA,NA,NA,NA,NA,41449,6.65,80.1,2069,0.016,141.1,9.74,67,83.2,42212,15.77,9.137,3829,63.9,32.59,4501,79.1,1.302,12450,50.662,20.01,305.8,41.7,72.7,1393,10.7,39.79,26.389,434.8,78.96,29.348,109.3
"ENVT4461","13","2025-S13","",400307,6468205,10,20,15,"Pond_M",6.22,"mS",5.78,NA,NA,NA,NA,NA,50601,6.52,90,1718,NA,158.3,9.89,70,54.2,41428,17.22,10.209,3789,69.98,38.87,4291,79.6,1.537,10741,54.61,21.36,254.1,33.4,79.2,1358,10.977,36.28,25.305,510,80.38,33.753,90.4
"ENVT4461","13","2025-S13","",NA,NA,NA,NA,NA,"Pond_M",NA,"",NA,NA,NA,NA,NA,NA,40843,4.46,85,1122,NA,149.8,7.75,58.3,30.1,33065,12.75,9.837,3589,57.09,35.76,3484,53.9,2.071,7942,52.786,15.6,137.6,22.1,66.9,957,9.498,29.17,22.597,331.8,74.17,31.751,61
"ENVT4461","14","2025-S14","",400482,6468224,0,10,5,"Saltmarsh",6.41,"mS",6.28,333,19301.16,0,0,NA,45884,5.05,74,2952,NA,154.3,8.13,70.3,59.2,40029,17.27,9.985,3694,73.7,29.31,6203,84.9,0.549,22465,57.565,23.75,390.6,20.4,77.4,3241,10.978,58.28,26.041,527.7,74.63,33.514,37.2
"ENVT4461","14","2025-S14","",400482,6468224,10,20,15,"Saltmarsh",7.45,"mS",5.22,989,4947.23,0,0,NA,48079,4.31,111.8,1504,NA,131.1,6.37,68.3,42.3,32272,14.35,9.894,4718,61.24,33.99,4464,60.3,1.653,15812,54.236,19.39,422.3,32.9,64,5264,10.268,206.73,19.465,428.3,70.95,24.078,21.5
"ENVT4461","14","2025-S14","",400482,6468224,20,30,25,"Saltmarsh",5.49,"mS",5.26,1991,3981.74,0,0,NA,54266,5.57,134.4,1605,NA,99.1,5.87,61.9,44.7,40346,13.28,7.153,5805,58.91,42.8,4400,45.2,4.492,18313,36.225,18.52,483.1,50.5,63.6,7505,12.713,292.69,16.66,303.3,74.9,16.189,20.6
