"ICP.ID","Group_Day","Sample_Code","Group","Sample","Easting","Northing","salinity","Drain","Water_zone","Sal_zone","pH","EC","NO3.N","PO4.P","SO4.S","chloride","Al","As","B","Ba","Ca","Cd","Co","Cr","Cu","Fe","K","Li","Mg","Mn","Mo","Na","Ni","P","Rb","S","Se","Si","Sr","V","Zn","EC.log","Al.log","Ca.log","Fe.log","Mg.log","Mn.log","Na.log","S.log","Zn.log","P.log","EC.pow","pH.log","pH.pow","Al.pow","As.log","As.pow","B.log","B.pow","Ba.log","Ba.pow","Ca.pow","Cd.log","Cd.pow","Co.log","Co.pow","Cr.log","Cr.pow","Cu.log","Cu.pow","Fe.pow","K.log","K.pow","Li.log","Li.pow","Mg.pow","Mn.pow","Mo.log","Mo.pow","Na.pow","Ni.log","Ni.pow","P.pow","Rb.log","Rb.pow","S.pow","Se.log","Se.pow","Si.log","Si.pow","Sr.log","Sr.pow","V.log","V.pow","Zn.pow"
1,"Group 01 Thursday","G_01_W1","1",1,399983,6468047,"Marine","Kitchener","Kitchener","KD_saline",7,34.4,NA,NA,NA,NA,0.074790737,NA,2.569559879,0.13613789,317.810973,0.000194281,NA,0.008204825,NA,0.463486544,283.0314269,0.072541515,931.980172,0.260374233,0.000676529,7006.379058,NA,1.832145,0.307827924,284.4599247,0.080704471,3.919235943,4.894181076,0.033249395,0.005774947,1.536558443,-1.126152187,2.502168888,-0.33396287,2.969406673,-0.584401996,3.84549363,2.454021091,-2.238451997,0.262959841716062,1.155775654,0.84509804,206.5344501,-1.06900379,NA,NA,0.409858743,-0.675085063,-0.866020985,0.545513903,-0.039776621,-3.71156967,-1.990832372,NA,NA,-2.085930678,0.01051213,NA,NA,0.981478922,2.451834661,-0.673897055,-1.139413379,-17.4876279,-0.405886732,0.939858843,-3.169713582,-3.567229852,-0.233187278,NA,NA,1.08569126564477,-0.511691987,-1.489042162,1.384333488,-1.093102405,-2.719397702,0.593201409,1.887657,0.689680033,-0.628366436,-1.478216253,-2.335868446,-17.10000885
2,"Group 01 Thursday","G_01_W2","1",2,399989,6468037,"Marine","Kitchener","Kitchener","KD_saline",7.24,35.3,NA,NA,NA,NA,NA,0.00275252,2.563446527,0.115018016,331.613363,0.000180136,NA,0.006532687,NA,0.669688573,292.4617279,0.074320592,978.1211148,0.165423893,0.001906221,7311.891444,NA,0.327004724,0.284270307,312.7646018,0.045499883,2.099257624,4.751013656,0.031570763,0.004373422,1.547774705,NA,2.520632023,-0.174127111,2.990392634,-0.781401763,3.864029735,2.495217594,-2.359178615,-0.485445973357104,1.156997695,0.859738566,226.5153113,NA,-2.560269517,0.33251829,0.408824263,-0.675754889,-0.939234128,0.518269284,-0.038841389,-3.744399485,-2.002994399,NA,NA,-2.18490815,0.008468761,NA,NA,0.990299977,2.466069042,-0.672354693,-1.12889084,-17.03155191,-0.403308429,0.920411729,-2.71982675,-2.978085119,-0.231556542,NA,NA,0.859177880148881,-0.546268501,-1.529645605,1.391912009,-1.34198972,-3.415052273,0.322065739,1.411908025,0.676786279,-0.633848464,-1.500714922,-2.366225982,-19.92946447
3,"Group 01 Thursday","G_01_W3","1",3,399991,6468028,"Marine","Kitchener","Kitchener","KD_saline",7.34,34.9,NA,NA,NA,NA,NA,NA,2.495464566,0.103503296,331.6035128,0.000189508,NA,0.008050106,NA,0.207726834,284.097946,0.070880486,988.9341611,0.142867815,0.001886773,7228.457969,NA,0.134104008,0.273866271,317.3809569,0.066738845,2.341739407,4.724344264,0.028905169,NA,1.542825427,NA,2.520619123,-0.682507398,2.995167379,-0.845065597,3.85904566,2.501580865,NA,-0.872558242086719,1.156458299,0.86569606,235.1890159,NA,NA,NA,0.397151408,-0.683359284,-0.98504582,0.501917972,-0.038842035,-3.722372452,-1.994826162,NA,NA,-2.094198401,0.010324037,NA,NA,0.962514892,2.453468094,-0.673719886,-1.149473313,-17.93506826,-0.402724102,0.914213499,-2.724280347,-2.983411489,-0.231993897,NA,NA,0.761234643728913,-0.562461452,-1.549039954,1.393086292,-1.175621314,-2.932724816,0.369538564,1.485552577,0.674341537,-0.634893274,-1.539024487,-2.418827821,NA
4,"Group 01 Thursday","G_01_W4","1",4,399994,6468017,"Marine","Kitchener","Kitchener","KD_saline",7.1,34.1,NA,NA,NA,NA,NA,0.002362304,2.393974012,0.102896994,315.0980016,0.00013369,NA,0.007753616,NA,2.977266349,274.0257485,0.064331588,939.6704629,0.173220024,0.001425327,7119.226601,NA,0.580259256,0.259773572,308.1877386,0.026486707,2.854778614,4.578114985,0.030386325,NA,1.532754379,NA,2.498445649,0.473817689,2.972975576,-0.761401906,3.852432817,2.488815356,NA,-0.236377923172496,1.155361484,0.851258349,214.7175529,NA,-2.626664215,0.32315801,0.379119432,-0.695274933,-0.987597312,0.501022602,-0.03996793,-3.873901077,-2.051698081,NA,NA,-2.110495711,0.009963068,NA,NA,1.026878485,2.437791373,-0.675422179,-1.191575728,-19.93531628,-0.405447102,0.92236755,-2.846085488,-3.132838666,-0.232575454,NA,NA,0.92875917355604,-0.585405034,-1.576941336,1.390731534,-1.576972033,-4.23443234,0.455572435,1.628943502,0.660686696,-0.640760702,-1.517321821,-2.388886532,NA
5,"Group 01 Thursday","G_01_W5","1",5,400001,6467989,"Marine","Kitchener","Kitchener","KD_saline",7.66,33.1,NA,NA,NA,NA,NA,0.00291805,2.428322106,0.082630095,298.6255951,0.000206206,NA,0.006489236,NA,0.058222029,258.8094138,0.073028288,887.0462207,0.081107401,0.004351068,6717.596217,NA,0.099321817,0.234975796,304.0675173,0.076489024,1.957414287,4.41649036,0.030450144,0.004477647,1.519827994,NA,2.475127028,-1.234912664,2.94794625,-1.090939515,3.827213896,2.482970028,-2.348950147,-1.00295534403234,1.153955226,0.88422877,264.3528673,NA,-2.534907271,0.336164984,0.385306293,-0.691163381,-1.082861748,0.468711179,-0.041187196,-3.685698702,-1.981300345,NA,NA,-2.187806431,0.00841533,NA,NA,0.9332067,2.412980069,-0.678125167,-1.13650888,-17.3605323,-0.408540374,0.890664908,-2.361404129,-2.579176146,-0.234806707,NA,NA,0.730823333243665,-0.628976871,-1.631319378,1.389654619,-1.116400881,-2.778005582,0.291682754,1.366702518,0.645077287,-0.647534451,-1.516410649,-2.387637606,-19.67258945
6,"Group 01 Thursday","G_01_W6","1",6,400005,6467974,"Marine","Kitchener","Kitchener","KD_saline",7.94,35.7,NA,NA,NA,NA,NA,0.005155652,2.426048645,0.078352322,297.8140519,0.000235956,NA,0.007722377,NA,NA,255.4300532,0.068649678,892.0051265,0.078749514,0.004920676,6632.010051,NA,0.057585056,0.227346027,306.485007,0.076832392,1.968675436,4.287152362,0.029102228,NA,1.552668216,NA,2.473945185,NA,2.95036735,-1.103752118,3.821645176,2.486409234,NA,-1.23969020648639,1.15753126,0.899820502,291.6720028,NA,-2.287716405,0.373869979,0.384899505,-0.691432969,-1.105948129,0.461199772,-0.041249972,-3.627168975,-1.959903449,NA,NA,-2.112249,0.009924994,NA,NA,NA,2.407271994,-0.678748544,-1.163361495,-18.5716522,-0.408240132,0.889454546,-2.30797523,-2.524473839,-0.235302279,NA,NA,0.678683129422235,-0.643312631,-1.649617383,1.390288141,-1.114455646,-2.773064342,0.294174122,1.370354201,0.632168918,-0.653190136,-1.536073761,-2.414735021,NA
37,"Group 01 Thursday","G_01_Extra","1",7,399968,6468025,"Marine","Kitchener","Kitchener",NA,NA,NA,NA,NA,NA,NA,0.616271182,0.021519459,3.342999996,0.171941055,569.4891521,0.000241114,NA,0.008041574,NA,97.92002014,363.3796389,0.132292583,1496.598965,0.646647065,NA,10653.33244,NA,0.040509236,0.366196647,754.5219042,0.061148975,13.68873931,7.438012199,0.041042326,0.150505069,NA,-0.21022814,2.755485456,1.990871494,3.175105441,-0.189332689,4.02748548,2.877671852,-0.822448873,-1.39244594748817,NA,NA,NA,-1.012534419,-1.667168651,0.488226116,0.524136376,-0.605034159,-0.764620413,0.585629135,-0.028698282,-3.617777572,-1.956491783,NA,NA,-2.094658937,0.010313659,NA,NA,1.117893378,2.560360589,-0.662226521,-0.878464504,-9.080718466,-0.381309836,0.980105706,NA,NA,-0.217661115,NA,NA,0.647030743932937,-0.436285637,-1.404191258,1.464279105,-1.213610818,-3.036483385,1.136363453,3.377308545,0.871456886,-0.555940858,-1.386768034,-2.216433611,-2.838087447
30,"Group 02 Thursday","G_02_S1","2",1,399980,6468057,"Marine","Kitchener","Kitchener","KD_saline",6.82,3830,NA,NA,NA,NA,0.013275471,0.004516021,2.672497122,0.144135116,335.6941401,0.000138185,NA,0.007495111,NA,2.847676214,289.4701932,0.05996658,964.3074453,0.355423121,0.002539516,7586.595055,NA,0.60646893,0.28902346,336.2133506,0.05964534,2.623040542,4.814154955,0.028483179,0.004330089,3.583198774,-1.876950062,2.52594376,0.454490608,2.98421552,-0.449254324,3.880046904,2.526614955,-2.363503177,-0.217191443561118,1.401583022,0.833784375,192.3095149,-1.117633747,-2.345244047,0.364733867,0.426917246,-0.664134932,-0.841230198,0.555060141,-0.038576424,-3.859539097,-2.046238881,NA,NA,-2.125221931,0.009647764,NA,NA,1.025768105,2.461603851,-0.672838137,-1.222090719,-21.52311373,-0.404065634,0.95343725,-2.595249047,-2.832886061,-0.230156599,NA,NA,0.934347391529822,-0.539066904,-1.52109842,1.397715724,-1.224423481,-3.066680924,0.418805003,1.566043903,0.682520065,-0.631404754,-1.545411541,-2.427710749,-20.03907672
31,"Group 02 Thursday","G_02_S2","2",2,399938,6468118,"Marine","Kitchener","Kitchener","KD_saline",6.92,1025,NA,NA,NA,NA,NA,0.002838938,2.711048076,0.142334471,338.7274081,0.000174384,NA,0.007244546,NA,0.698294823,289.8949281,0.063376065,970.7189442,0.360419321,0.002364713,7611.455235,NA,0.130808369,0.291182439,346.4366949,0.075702073,2.647725579,4.872303927,0.031847834,0.00329712,3.010723865,NA,2.529850339,-0.155961178,2.987093505,-0.443191936,3.881467698,2.539623887,-2.481865246,-0.883364469358487,1.327987723,0.840106094,200.1326634,NA,-2.546844092,0.3344437,0.433137219,-0.660186571,-0.846689908,0.552943516,-0.038382707,-3.758493365,-2.008238341,NA,NA,-2.139988826,0.009341608,NA,NA,0.991307527,2.462240617,-0.672769174,-1.19807473,-20.26335885,-0.403712667,0.95405092,-2.626221561,-2.868310424,-0.230032828,NA,NA,0.75866702329698,-0.535834821,-1.517277979,1.400127474,-1.120892228,-2.789448057,0.422872971,1.572881908,0.687734371,-0.629190624,-1.496920099,-2.361078092,-23.28490918
32,"Group 02 Thursday","G_02_S3","2",3,399932,6468139,"Fresh","Kitchener","Kitchener","KD_fresh",6.85,995,NA,NA,NA,NA,0.12811053,NA,0.272681519,0.014829872,28.0977103,0.000211727,NA,NA,NA,0.345928791,8.589656156,0.018969452,6.364881367,0.083487311,0.002487615,164.5786503,NA,0.079210661,0.015753285,15.10714878,0.036143787,3.354434344,0.134638719,0.003720814,0.034352309,2.997823081,-0.892415172,1.44867093,-0.461013291,0.803790313,-1.078379527,2.216373496,1.179182506,-1.464044066,-1.10121636257869,1.326374551,0.835690571,194.635678,-1.054300704,NA,NA,-0.564344295,-1.717751593,-1.828862597,0.278090847,-0.154608027,-3.674223756,-1.977087083,NA,NA,NA,NA,NA,NA,0.974523317,0.933975779,-0.860411598,-1.721945215,-75.52390495,-0.783427652,0.891853006,-2.604216833,-2.843097598,-0.432088662,NA,NA,0.708712193007553,-1.80262887,-4.065653788,1.169142986,-1.441966346,-3.742267426,0.525619296,1.755851494,-0.870830029,-1.797993018,-2.429362039,-4.032026562,-6.403725922
33,"Group 02 Thursday","G_02_S4","2",4,399924,6468139,"Fresh","Kitchener","Kitchener","KD_fresh",6.88,1048,NA,NA,NA,NA,0.180656102,NA,0.266777631,0.019994352,28.56998132,0.000206624,0.004322046,NA,NA,1.04620668,5.796025014,0.0179365,6.250818353,0.245370403,0.00216811,156.1606433,NA,0.173064986,0.015832748,14.92976247,0.048209025,3.417814816,0.140436034,0.003786138,0.032731316,3.020361283,-0.743147365,1.455909956,0.019617489,0.795936879,-0.610177824,2.193571589,1.174052898,-1.485036533,-0.761790788422361,1.32919411,0.837588438,196.9796282,-1.045017087,NA,NA,-0.573850588,-1.733477588,-1.699092666,0.304526672,-0.153172437,-3.684819235,-1.980977114,-2.364310615,-2.916993475,NA,NA,NA,NA,1.001098761,0.763130251,-0.884402527,-1.746262298,-80.27983987,-0.785298161,0.937291166,-2.663918687,-2.912024179,-0.435834969,NA,NA,0.788059933092268,-1.800443701,-4.058747161,1.168348472,-1.316871652,-3.33744209,0.533748528,1.771205824,-0.852521444,-1.775952163,-2.421803561,-4.014573545,-6.576516603
34,"Group 02 Thursday","G_02_S5","2",5,399913,6468165,"Fresh","Kitchener","Kitchener","KD_fresh",7.25,901,NA,NA,NA,NA,0.222960314,NA,0.260739744,0.015348871,26.94945885,0.000207798,NA,NA,NA,0.464388585,4.636060459,0.017243436,5.878170728,0.023850847,0.00453035,150.4964471,NA,0.103077685,0.01193493,15.29858249,NA,3.410514192,0.129810881,0.003775808,0.170674139,2.954724791,-0.651772433,1.430550049,-0.333118464,0.769242196,-1.622496194,2.177526247,1.184651193,-0.767832279,-0.986835343739832,1.32099954,0.860338007,227.3733819,-1.039374465,NA,NA,-0.583792765,-1.7500787,-1.813923564,0.281013282,-0.1582609,-3.682358637,-1.980073046,NA,NA,NA,NA,NA,NA,0.981525316,0.666149091,-0.898317532,-1.763376191,-83.80543997,-0.791689679,0.841807558,-2.343868245,-2.561092878,-0.43849064,NA,NA,0.734516032939269,-1.923180124,-4.465459347,1.169990614,NA,NA,0.532819861,1.769445005,-0.886688903,-1.817305748,-2.422990098,-4.017308328,-2.648143791
35,"Group 02 Thursday","G_02_S6","2",6,399914,6468165,"Fresh","Kitchener","Kitchener","KD_fresh",7.11,998,NA,NA,NA,NA,0.184593236,NA,0.263597884,0.024159494,27.3890738,0.000161547,0.012724955,NA,NA,1.179153865,3.972993422,NA,6.039124662,0.371253146,0.002910033,152.5274222,NA,0.08344399,0.014223459,15.16953403,NA,3.393526021,0.134698414,0.005365565,0.034358499,2.999130541,-0.733784217,1.437577346,0.071570479,0.780973995,-0.430329857,2.18334793,1.180972241,-1.463965817,-1.07860493764057,1.326537952,0.851869601,215.5469901,-1.044437485,NA,NA,-0.57905808,-1.742153147,-1.616912166,0.322552919,-0.156834178,-3.791701103,-2.020648365,-1.895343745,-2.358926218,NA,NA,NA,NA,1.004014444,0.599117846,-0.908063029,NA,NA,-0.788874348,0.955354202,-2.536102086,-2.766448508,-0.437525226,NA,NA,0.713740311977334,-1.846994775,-4.208450046,1.169420321,NA,NA,0.530651184,1.765339853,-0.870637518,-1.797759846,-2.27038454,-3.680424577,-6.403090414
16,"Group 03 Thursday","G_03_S1","3",1,400106,6468019,"Marine","Chapman","ChapmanL","CD_saline",8.52,45350,NA,NA,NA,NA,NA,0.003674569,2.399466857,0.082146959,278.060214,0.000146116,NA,0.007075024,NA,0.286773833,238.2539585,0.075885038,811.2799203,0.421957813,0.00474385,6238.589094,NA,0.071363402,0.220273931,296.8170425,0.083116957,2.401549959,4.20277836,0.027095136,NA,4.656577291,NA,2.444138853,-0.542460479,2.909170727,-0.374730967,3.795086382,2.472488833,NA,-1.14652445467159,1.550742823,0.930439595,353.8100647,NA,-2.434793593,0.350954503,0.380114756,-0.694611832,-1.085408509,0.467876595,-0.042865231,-3.835302225,-2.037059011,NA,NA,-2.150272083,0.009134167,NA,NA,0.970090295,2.377040125,-0.682059723,-1.119843844,-16.64895122,-0.413379147,0.961008409,-2.323869052,-2.540624112,-0.237680232,NA,NA,0.698743347979313,-0.657036898,-1.667327151,1.387725703,-1.080310365,-2.687746504,0.380491626,1.503082296,0.623536487,-0.656999895,-1.567108665,-2.458130826,NA
17,"Group 03 Thursday","G_03_S2","3",2,400101,6468016,"Marine","Chapman","ChapmanL","CD_saline",8.45,45450,NA,NA,NA,NA,NA,NA,2.458918529,0.077615573,279.5505801,0.0001643,NA,0.007121236,NA,NA,244.6583664,0.071835223,821.4321366,0.28098871,0.004892664,6459.136272,NA,0.059220569,0.229836863,298.2470394,NA,2.255207031,4.329428046,0.028980394,0.015035003,4.657533888,NA,2.446460398,NA,2.91457169,-0.55131113,3.810174447,2.474576141,-1.822896481,-1.22752742416095,1.550882596,0.926856709,345.9039476,NA,NA,NA,0.39074414,-0.687569677,-1.110051132,0.459877468,-0.042737183,-3.784362437,-2.017899256,NA,NA,-2.147444621,0.009190741,NA,NA,NA,2.388560072,-0.680796087,-1.143662556,-17.67524245,-0.412701744,0.943165528,-2.310454608,-2.526986447,-0.236326383,NA,NA,0.681268945685407,-0.638580315,-1.643554526,1.388109629,NA,NA,0.353186417,1.459761654,0.636430526,-0.65131751,-1.537895714,-2.41726134,-10.09480141
18,"Group 03 Thursday","G_03_S3","3",3,400099,6468009,"Marine","Chapman","ChapmanL","CD_saline",7.92,43950,NA,NA,NA,NA,NA,NA,2.44816224,0.082696577,276.7778245,0.000175408,NA,0.006253048,NA,NA,243.2104467,0.064490044,817.862343,0.264521871,0.0049022,6281.663632,NA,0.049003721,0.220080444,295.6909982,0.082525775,2.199003336,4.139119357,0.02826179,0.007415011,4.642958879,NA,2.442131291,NA,2.912680212,-0.577538414,3.798074677,2.470838103,-2.1298882,-1.30977094143248,1.548754339,0.898725182,289.6638585,NA,NA,NA,0.388840195,-0.688825804,-1.082512467,0.468825756,-0.042976271,-3.755950603,-2.007291236,NA,NA,-2.203908238,0.008124564,NA,NA,NA,2.385982225,-0.681078651,-1.190507327,-19.88189841,-0.412938851,0.940543749,-2.309608974,-2.526129199,-0.237411478,NA,NA,0.663973964052177,-0.657418546,-1.667822337,1.387422154,-1.083410389,-2.695382872,0.342225888,1.442725624,0.61690795,-0.659940348,-1.548800335,-2.432437023,-14.90035558
19,"Group 03 Thursday","G_03_S4","3",4,400091,6468003,"Marine","Chapman","ChapmanL","CD_saline",8.59,37500,NA,NA,NA,NA,NA,0.002122368,2.430150534,0.078956321,278.7564356,0.00014067,NA,0.007238093,NA,NA,241.4177172,0.060299071,816.7460242,0.288695058,0.004805601,6277.014584,NA,0.053716412,0.221348977,294.2187887,0.069817474,2.2757808,4.10282775,0.031547868,0.008303465,4.574031268,NA,2.445224903,NA,2.912087029,-0.53956065,3.797753138,2.468670403,-2.080740641,-1.26989300383358,1.538728959,0.933993164,361.8299729,NA,-2.673179311,0.316757748,0.385633177,-0.690946824,-1.102613096,0.462277377,-0.042805281,-3.851798513,-2.043302598,NA,NA,-2.140375841,0.009333716,NA,NA,NA,2.382769139,-0.681431008,-1.219689379,-21.39370565,-0.413013239,0.94434252,-2.318252291,-2.534904952,-0.237440382,NA,NA,0.672304359816342,-0.654922481,-1.664586373,1.38702364,-1.156035868,-2.880625064,0.357130429,1.465940955,0.613083284,-0.661642973,-1.501029985,-2.366653887,-13.9998991
20,"Group 03 Thursday","G_03_S5","3",5,400086,6467997,"Marine","Chapman","ChapmanL","CD_saline",8.26,39300,NA,NA,NA,NA,NA,0.002700513,2.514702109,0.077626231,288.8183751,0.000166955,NA,0.007215163,NA,NA,248.1616386,0.061968298,847.159404,0.13167909,0.004792804,6582.766642,NA,0.050174199,0.228570465,306.0556218,0.056965465,2.092950428,4.25438668,0.031093413,0.004126039,4.59439255,NA,2.46062482,NA,2.927965136,-0.880483183,3.81840846,2.485800361,-2.384466671,-1.29951955202746,1.541683693,0.916980047,325.0126006,NA,-2.568553728,0.331335742,0.400486546,-0.681177886,-1.1099915,0.459896659,-0.041964164,-3.77740057,-2.015294756,NA,NA,-2.141753853,0.009305671,NA,NA,NA,2.394734648,-0.680119755,-1.207830432,-20.76594726,-0.411026689,0.910783376,-2.319410331,-2.53608305,-0.235590802,NA,NA,0.666105543916165,-0.640979888,-1.646625975,1.390175962,-1.244388353,-3.123230091,0.320758942,1.409933275,0.62883696,-0.654658007,-1.507331605,-2.375228744,-20.5790316
21,"Group 04 Thursday","G_04_S1","4",1,400170,6468086,"Marine","Chapman","ChapmanL","CD_saline",7.55,12580,NA,NA,NA,NA,NA,NA,1.058252334,0.058590546,102.891573,0.000125314,0.008139586,0.003500197,NA,0.529369537,103.4223898,0.021507952,274.8949017,2.987702239,0.00371822,2198.442029,NA,0.223190603,0.095190977,107.361441,NA,5.759852545,1.541625528,0.018077047,0.017356075,4.099680641,NA,2.012379807,-0.276241054,2.439166685,0.475337313,3.342115018,2.030848332,-1.760548482,-0.651324094461869,1.471473515,0.877946952,254.083303,NA,NA,NA,0.024589235,-0.976702868,-1.232172455,0.422209494,-0.07477301,-3.902000407,-2.06242121,-2.089397684,-2.575577091,-2.455907512,0.004686002,NA,NA,0.984655387,2.014614569,-0.723035099,-1.667400941,-65.85584144,-0.47679433,1.051744262,-2.429664917,-2.650791864,-0.282145328,NA,NA,0.815753810494987,-1.021404216,-2.213833759,1.30883559,NA,NA,0.760411365,2.257873003,0.187978893,-0.881050935,-1.742872513,-2.719033049,-9.327277865
22,"Group 04 Thursday","G_04_S2","4",2,400179,6468088,"Marine","Chapman","ChapmanL","CD_saline",7.52,11240,NA,NA,NA,NA,NA,NA,1.010419324,0.057262244,99.97165392,0.000156619,0.005660999,0.002636496,NA,0.480096256,96.98675547,0.018658099,262.3900627,2.147989621,0.003504568,2091.099734,NA,0.180898234,0.093943845,98.96441327,NA,5.776109548,1.481366635,0.016699674,0.009650873,4.050766311,NA,1.999876877,-0.318671681,2.418947383,0.332032179,3.320374747,1.995479054,-2.015433399,-0.742565672873734,1.464707659,0.876217841,251.3272279,NA,NA,NA,0.004501643,-0.995693738,-1.242131637,0.419277232,-0.075987525,-3.805155553,-2.025698215,-2.247106922,-2.766226006,-2.578972883,0.003581678,NA,NA,0.982319406,1.986712431,-0.726289898,-1.729132607,-76.89950659,-0.479730725,1.035868576,-2.455365509,-2.67826796,-0.284477227,NA,NA,0.792811159836419,-1.027131669,-2.223721435,1.302715029,NA,NA,0.761635421,2.260835016,0.170662559,-0.891389349,-1.777292007,-2.773279329,-12.88700553
23,"Group 04 Thursday","G_04_S3","4",3,400187,6468099,"Marine","Chapman","ChapmanL","CD_saline",7.85,12320,NA,NA,NA,NA,NA,NA,1.041775924,0.057329027,103.4086831,NA,0.009135908,0.002937829,NA,0.281223867,97.26477645,0.02686029,271.9855249,2.50146374,0.003592263,2171.836919,NA,0.123079511,0.093427436,101.6319457,0.040697177,5.836802545,1.540628272,0.015774839,0.007985818,4.090610708,NA,2.014557007,-0.550947824,2.434545791,0.398194212,3.336827211,2.00703024,-2.097680592,-0.909814237891134,1.470216601,0.894869657,282.7045523,NA,NA,NA,0.017774316,-0.983104766,-1.241625429,0.419425782,-0.074563514,NA,NA,-2.039248282,-2.517751166,-2.531973486,0.003968816,NA,NA,0.969629506,1.987955593,-0.726144571,-1.570889303,-51.68105474,-0.477463821,1.043168164,-2.444631875,-2.666758336,-0.282710742,NA,NA,0.752418891158957,-1.02952557,-2.227867258,1.304710778,-1.390435715,-3.569875466,0.766175002,2.27185402,0.187697863,-0.881217758,-1.802035065,-2.812942609,-14.303946
24,"Group 04 Thursday","G_04_S4","4",4,400221,6468123,"Fresh","Chapman","ChapmanL","CD_saline",7.4,8350,NA,NA,NA,NA,NA,NA,0.812774735,0.049936125,83.4859589,0.000118893,0.006041002,0.002450384,NA,0.652256122,73.11934907,0.020557768,194.8361418,0.895584101,0.002727115,1553.841023,NA,0.14247864,0.075283577,73.16818937,0.042358647,5.935307787,1.168801448,0.013974688,0.0152711,3.921686475,NA,1.92161344,-0.185581836,2.289669521,-0.047893625,3.191406583,1.864322308,-1.816129679,-0.846250238991994,1.447002261,0.86923172,240.4929405,NA,NA,NA,-0.090029805,-1.090142344,-1.301585162,0.40219127,-0.084051114,-3.924843714,-2.071179847,-2.21889102,-2.731109276,-2.610765852,0.003341441,NA,NA,0.989665182,1.864032317,-0.740775319,-1.687024039,-69.1825788,-0.498937623,0.994929701,-2.564296548,-2.797921668,-0.29871229,NA,NA,0.767521961774161,-1.123299754,-2.39649627,1.280267502,-1.37305792,-3.513548533,0.773443245,2.289608294,0.067740741,-0.955389296,-1.854657879,-2.89919358,-10.00853363
25,"Group 04 Thursday","G_04_S5","4",5,400234,6468145,"Fresh","Chapman","ChapmanL","CD_saline",7.44,6510,NA,NA,NA,NA,NA,NA,0.655744835,0.043496774,70.68411606,0.000188624,NA,0.002128717,NA,0.465597086,57.82971499,0.019059913,142.4515301,0.272465551,0.002319441,1126.070169,NA,0.149552017,0.061618068,51.68693981,0.031336894,6.024274185,0.892104509,0.010902819,0.021136505,3.813580989,NA,1.849321831,-0.331989746,2.153667118,-0.5646884,3.051565454,1.71338082,-1.674966823,-0.825207725286873,1.432338627,0.871572936,244.0707118,NA,NA,NA,-0.183265121,-1.192067941,-1.361542952,0.385665462,-0.092257659,-3.72440305,-1.995577768,NA,NA,-2.671882072,0.002923956,NA,NA,0.981587335,1.762151052,-0.753024261,-1.719879086,-75.13303967,-0.519974186,0.941827373,-2.63461667,-2.877988284,-0.314953518,NA,NA,0.772588245396024,-1.210291923,-2.564321523,1.254912117,-1.503944051,-3.960672616,0.77990473,2.305508351,-0.049584266,-1.033968709,-1.962461198,-3.084234626,-8.367859104
26,"Group 04 Thursday","G_04_S6","4",6,400256,6468170,"Fresh","Chapman","ChapmanL","CD_fresh",7.46,3770,NA,NA,NA,NA,NA,0.003160074,0.4289647,0.044179906,57.20549545,0.000141709,NA,0.00198238,NA,0.809617049,39.60965723,0.017143326,73.32412095,0.299060509,0.001914008,639.4353982,NA,0.179772301,0.04438571,25.88673978,0.02616474,6.374204351,0.567202537,0.010767375,0.013995911,3.57634135,NA,1.757437751,-0.091720355,1.865246865,-0.524240932,2.805796675,1.413077358,-1.853998828,-0.745277222778266,1.400677761,0.872738827,245.8721941,NA,-2.500302747,0.341205168,-0.367578445,-1.422454645,-1.354775212,0.387496286,-0.103854801,-3.848602567,-2.04209149,NA,NA,-2.702813092,0.002732975,NA,NA,0.99487879,1.597801084,-0.773212001,-1.765904916,-84.33934638,-0.567567678,0.945879232,-2.718056251,-2.975970298,-0.345666256,NA,NA,0.792139305821,-1.352756829,-2.864924067,1.205950281,-1.582283577,-4.255066621,0.804425982,2.36686001,-0.246261835,-1.180460457,-1.967890161,-3.09385951,-10.50097789
27,"Group 04 Thursday","G_04_S7","4",7,400273,6468188,"Fresh","Chapman","ChapmanL","CD_fresh",7.35,21490,NA,NA,NA,NA,NA,0.004892799,0.281958505,0.034464468,49.64538183,0.000159148,NA,NA,NA,1.189614815,28.41170005,0.022855989,37.27358194,0.384667315,0.001762571,321.3531018,NA,0.219868615,0.030615936,10.88073977,0.037972894,6.84979059,0.366037294,0.007100819,0.007790085,4.332236415,NA,1.695878855,0.075406364,1.57140113,-0.414914714,2.506982496,1.036658424,-2.108457804,-0.657836759293574,1.504070745,0.866287339,236.0677913,NA,-2.310442625,0.370233738,-0.549814801,-1.693991075,-1.462628421,0.359326841,-0.112429126,-3.798198815,-2.023085573,NA,NA,NA,NA,NA,NA,1.004230057,1.453497221,-0.791383136,-1.640999982,-61.63102747,-0.620538913,0.956918525,-2.75385338,-3.019022419,-0.387069986,NA,NA,0.814094424607608,-1.514052459,-3.248006475,1.147267475,-1.420526303,-3.669552439,0.835677295,2.447422115,-0.436474664,-1.341850194,-2.148691557,-3.432145582,-14.50080875
28,"Group 04 Thursday","G_04_S8","4",8,400298,6468209,"Fresh","Chapman","ChapmanL","CD_fresh",7.32,13580,NA,NA,NA,NA,0.01176984,0.013654427,0.216776295,0.043385581,50.71722973,0.000252803,NA,NA,NA,4.377016802,22.66981388,0.021089553,22.47889331,0.594578125,0.001553504,194.9473938,NA,0.40605508,0.027400634,4.821513696,0.032117937,7.162454939,0.285555379,0.006375067,0.013360645,4.13289977,-1.929229441,1.705155524,0.641178214,1.351774926,-0.225791073,2.289917434,0.683183405,-1.874172575,-0.391415051847455,1.476086213,0.864511081,233.4377028,-1.121101183,-1.86472652,0.448459159,-0.663988211,-1.889932657,-1.362654582,0.385365569,-0.111093084,-3.597217777,-1.949043631,NA,NA,NA,NA,NA,NA,1.036544096,1.355447955,-0.803972813,-1.675932625,-67.28211057,-0.663334475,0.9763205,-2.808687624,-3.086180709,-0.420223573,NA,NA,0.884812395969832,-1.562239388,-3.372095306,1.094763963,-1.493252358,-3.92210616,0.855061903,2.498765389,-0.544309655,-1.442960568,-2.195515247,-3.525628921,-10.77313142
8,"Group 05 Thursday","G_05_1.1","5",1.1,400310,6468224,"Fresh","Chapman","ChapmanM","CD_fresh",6.96,2880,NA,NA,NA,NA,0.006877495,0.045264048,0.366980183,0.087531432,63.08024058,0.000181796,NA,0.001917844,NA,14.949135,25.59252265,0.017874361,55.00080103,0.46183599,0.001357995,480.4790628,NA,0.322280028,0.034126795,13.87213203,NA,10.21603768,0.535973785,0.010404795,0.004023471,3.459392488,-2.162569717,1.799893341,1.174616064,1.740369015,-0.335512226,2.681674468,1.142143214,-2.395399125,-0.491766607296063,1.385328825,0.84260924,203.3175586,-1.136709135,-1.344246609,0.560962107,-0.435357387,-1.517950688,-1.057835966,0.476991838,-0.098325405,-3.740415677,-2.001514618,NA,NA,-2.717186722,0.002648522,NA,NA,1.067963161,1.408113096,-0.797185832,-1.747769475,-80.58428175,-0.589503132,0.96501693,-2.867101829,-3.159367775,-0.362297866,NA,NA,0.857481644007675,-1.466904496,-3.131014018,1.163418161,NA,NA,1.009282486,2.947542003,-0.270856452,-1.200182671,-1.982766472,-3.12038757,-20.86636537
9,"Group 05 Thursday","G_05_1.2","5",1.2,400310,6468224,"Fresh","Chapman","ChapmanM","CD_fresh",6.88,3400,NA,NA,NA,NA,0.072832162,0.055102747,0.416920115,0.107461849,71.30864302,0.000121232,NA,0.001000905,NA,16.38729615,46.14368268,0.021271413,65.14210676,0.65744648,0.001677529,582.0362377,NA,0.377810418,0.040217244,20.43092943,0.02975527,9.92426385,0.626574596,0.010426192,0.006576998,3.531478917,-1.137676798,1.853142172,1.214507302,1.8138618,-0.182139596,2.764950025,1.310288124,-2.18197229,-0.42272607071929,1.394769794,0.837588438,196.9796282,-1.06973402,-1.25882675,0.581952436,-0.379947151,-1.43942169,-0.968745691,0.507675905,-0.091804576,-3.91638273,-2.067931387,NA,NA,-2.999607141,0.001429402,NA,NA,1.070350642,1.664112252,-0.765002419,-1.67220366,-66.65496635,-0.576493136,0.980854244,-2.775329963,-3.04515,-0.351053409,NA,NA,0.876192620128856,-1.395587694,-2.962007748,1.189634055,-1.526436105,-4.043047156,0.996698302,2.908081448,-0.203027217,-1.14657332,-1.981874282,-3.118790186,-15.91790377
10,"Group 05 Thursday","G_05_2.1","5",2.1,400303,6468216,"Fresh","Chapman","ChapmanM","CD_fresh",7.16,3910,NA,NA,NA,NA,0.037940871,0.039193012,0.459392794,0.045196702,56.78753202,0.000179684,NA,0.002781541,0.037371788,2.095887787,38.73194615,0.021862311,76.77394226,0.417507117,0.0020624,678.3316403,NA,0.587476408,0.038782361,24.28253922,NA,8.248094153,0.551284684,0.011849002,0.009577765,3.592176757,-1.420892703,1.754252995,0.321368027,1.885213842,-0.379336117,2.831442075,1.385294099,-2.018735823,-0.231009569194341,1.402769108,0.854913022,219.7246913,-1.087836922,-1.40679136,0.546074593,-0.337815821,-1.382442227,-1.344893254,0.390185198,-0.104281909,-3.745490593,-2.003399881,NA,NA,-2.555714534,0.003768295,-1.427456123,0.738007738,1.01815249,1.588069319,-0.774424223,-1.660303932,-64.69247471,-0.564136862,0.960538813,-2.6856271,-2.937498989,-0.342326281,NA,NA,0.9303193741168,-1.411365755,-2.998594848,1.20151817,NA,NA,0.91635361,2.668301184,-0.258624073,-1.190332784,-1.926318227,-3.020916355,-12.94109645
11,"Group 05 Thursday","G_05_2.2","5",2.2,400303,6468216,"Fresh","Chapman","ChapmanM","CD_fresh",7.01,2525,NA,NA,NA,NA,NA,0.029065261,0.320586647,0.039023585,49.06664745,0.000186091,NA,0.001021017,NA,3.800253153,28.93105494,0.020134678,47.26862603,0.328608083,0.002179753,376.3957838,NA,0.147229433,0.032539941,10.60425937,NA,7.211408096,0.399663656,0.007742522,0.003628219,3.402261382,NA,1.690786385,0.579812528,1.674572979,-0.483321758,2.57564475,1.025480342,-2.440306507,-0.832005360435333,1.377891929,0.845718018,207.3436883,NA,-1.536625773,0.51641952,-0.494054571,-1.605815995,-1.408672836,0.373153406,-0.113169371,-3.73027463,-1.997752671,NA,NA,-2.990967027,0.001456628,NA,NA,1.032989511,1.46136427,-0.79038158,-1.696055311,-70.76963222,-0.601399512,0.949996083,-2.661592716,-2.90930779,-0.377137491,NA,NA,0.770947972309051,-1.487583239,-3.181798059,1.145569202,NA,NA,0.858020073,2.506694753,-0.398305343,-1.307785234,-2.111117552,-3.358924983,-22.08935001
12,"Group 05 Thursday","G_05_3.1","5",3.1,400320,6468231,"Fresh","Chapman","ChapmanM","CD_fresh",6.93,1702,NA,NA,NA,NA,0.123048534,0.01811537,0.253178885,0.043367945,48.69219223,0.000218489,NA,NA,0.033757501,3.598206461,80.71667631,0.018751829,27.97745234,0.467512801,0.001699171,234.1278388,NA,0.443757856,0.033426459,6.9136434,0.027623685,7.115365152,0.30685083,0.006510915,0.00736874,3.230959556,-0.909923556,1.687459328,0.556086079,1.446808165,-0.330206493,2.369453056,0.839706975,-2.132606767,-0.352853945402203,1.355831615,0.840733235,200.925895,-1.055395017,-1.741952791,0.472773894,-0.596572517,-1.771651635,-1.362831157,0.385317955,-0.113655625,-3.660570423,-1.972085653,NA,NA,NA,NA,-1.471629711,0.731102,1.031618435,1.906963271,-0.735673689,-1.726956366,-76.48036984,-0.644465855,0.965560508,-2.769762913,-3.03835571,-0.407758262,NA,NA,0.895544700656547,-1.475909628,-3.153028935,1.117710106,-1.558718387,-4.164280413,0.852197192,2.491110451,-0.513072698,-1.412912068,-2.186357974,-3.507148308,-14.95182097
13,"Group 05 Thursday","G_05_3.2","5",3.2,400320,6468231,"Fresh","Chapman","ChapmanM","CD_fresh",7,1892,NA,NA,NA,NA,0.413257333,0.024166583,0.27002918,0.04386051,48.95489671,0.000137383,NA,0.001283233,NA,1.816017517,26.502487,0.020972097,31.58870362,0.398364823,0.00296038,261.231233,NA,0.538523394,0.031694379,5.351786385,0.027624268,7.265775122,0.327935457,0.008604562,0.022773506,3.276921132,-0.383779431,1.689796139,0.259120033,1.499531803,-0.399719018,2.4170251,0.72849877,-1.642570104,-0.268795425765389,1.361715658,0.84509804,206.5344501,-1.023000359,-1.616784752,0.498920404,-0.568589302,-1.724756283,-1.357926323,0.386642762,-0.113313879,-3.862067004,-2.047198722,NA,NA,-2.89169448,0.001809254,NA,NA,1.014610861,1.42328663,-0.795241064,-1.678358142,-67.69320237,-0.634230174,0.958463086,-2.528652538,-2.758191955,-0.400479913,NA,NA,0.919393149983189,-1.499017753,-3.210232411,1.101358253,-1.558709221,-4.164245481,0.861281952,2.515467381,-0.484211624,-1.385705509,-2.065271232,-3.271696556,-8.030996222
43,"Group 06 Friday","G_06_S1","6",1,400274,6468183,"Fresh","Chapman","ChapmanM","CD_fresh",7.98,1870,NA,NA,NA,NA,NA,NA,0.316974923,0.030196029,50.11543575,NA,NA,NA,NA,0.665632065,28.88013372,0.016616576,41.66575552,0.276089609,0.001874504,367.42383,NA,0.237365834,0.034763511,11.56051902,NA,6.361276385,0.395918328,0.006925256,0.004958681,3.271841607,NA,1.699971511,-0.176765765,1.619779261,-0.558949938,2.56516732,1.062977333,-2.30463383,-0.624581792429036,1.361064119,0.902002891,295.7147598,NA,NA,NA,-0.498975095,-1.613408726,-1.520050166,0.345174339,-0.111837725,NA,NA,NA,NA,NA,NA,NA,NA,0.990153713,1.4605992,-0.790478926,-1.779458462,-87.25950776,-0.611489605,0.94240117,-2.727113629,-2.986804965,-0.378636484,NA,NA,0.822603114268404,-1.458876368,-3.11151722,1.151276027,NA,NA,0.803544265,2.364625932,-0.402394393,-1.311392834,-2.159564168,-3.453629308,-18.59734608
44,"Group 06 Friday","G_06_S2","6",2,400291,6468197,"Fresh","Chapman","ChapmanM","CD_fresh",7.98,1970,NA,NA,NA,NA,NA,NA,0.259530637,0.029212207,48.76925531,0.000162794,NA,NA,NA,0.729963245,23.29536562,0.017318715,29.72629048,0.082513474,0.001600988,269.5526987,NA,0.187538421,0.033207057,7.552358491,NA,6.680983614,0.330468669,0.00521983,0.008186187,3.294466226,NA,1.688146124,-0.136699007,1.473140717,-1.083475128,2.430643684,0.878082597,-2.086918339,-0.726909744901921,1.363968526,0.902002891,295.7147598,NA,NA,NA,-0.585811367,-1.753468661,-1.534435631,0.341717001,-0.113555078,-3.788361606,-2.019396905,NA,NA,NA,NA,NA,NA,0.992376998,1.367269531,-0.802444349,-1.761484335,-83.40821141,-0.639333212,0.891370803,-2.795611923,-3.070031816,-0.398420341,NA,NA,0.796701464165338,-1.478769612,-3.160053098,1.12340895,NA,NA,0.824840407,2.419180008,-0.480869709,-1.382589212,-2.282343641,-3.705772484,-14.11002357
45,"Group 06 Friday","G_06_S3","6",3,400307,6468215,"Fresh","Chapman","ChapmanM","CD_fresh",7.9,2679,NA,NA,NA,NA,0.007084626,0.014572478,0.297562906,0.038885457,54.07152768,0.000139664,NA,0.001068991,NA,3.816893014,26.69223153,0.017026041,42.05239846,0.510785911,0.001747024,372.2425148,NA,0.46521773,0.031604272,9.136193803,NA,7.100883911,0.380182629,0.007112077,0.011127294,3.427972714,-2.149683071,1.73296864,0.581709987,1.623790771,-0.29176109,2.570825974,0.960765304,-1.953610437,-0.33234374214988,1.381233882,0.897627091,287.664515,-1.135841516,-1.836466592,0.453942701,-0.526421209,-1.656423478,-1.410212793,0.372751499,-0.107181799,-3.854915524,-2.044484486,NA,NA,-2.971025951,0.001521462,NA,NA,1.033099238,1.426384883,-0.79484455,-1.768886325,-84.97320171,-0.610745189,0.969508438,-2.757701129,-3.023686902,-0.377826169,NA,NA,0.901306022305637,-1.500254209,-3.213322306,1.135786408,NA,NA,0.851312413,2.488750929,-0.42000773,-1.327046459,-2.14800355,-3.430790619,-11.91511817
46,"Group 06 Friday","G_06_S4","6",4,400325,6468230,"Fresh","Chapman","ChapmanM","CD_fresh",7.24,820,NA,NA,NA,NA,0.007871892,0.017977128,0.204141672,0.051328031,52.0354209,0.000175514,NA,NA,NA,6.21081014,20.83782531,0.017182224,19.26863,0.589668631,0.001341427,167.0449754,NA,0.821579542,0.027607838,3.107784792,0.037149716,7.554332059,0.278101799,0.005140689,0.011554578,2.913813852,-2.103920873,1.716299072,0.793148253,1.284850837,-0.229391975,2.222833417,0.492450937,-1.937245911,-0.0853503835625907,1.315917479,0.859738566,226.5153113,-1.132765833,-1.745279689,0.472097955,-0.690068333,-1.937780518,-1.289645395,0.405565756,-0.109509145,-3.755688236,-2.007193537,NA,NA,NA,NA,NA,NA,1.045399647,1.318852393,-0.808722897,-1.764920623,-84.13112309,-0.676952643,0.975947439,-2.872432957,-3.166132949,-0.431033176,NA,NA,0.973667305529837,-1.558967602,-3.363521933,1.067438645,-1.430044502,-3.701657847,0.878196071,2.56145165,-0.555796202,-1.454170079,-2.288978669,-3.719910975,-11.67036278
47,"Group 06 Friday","G_06_S5","6",5,400334,6468238,"Fresh","Chapman","ChapmanM","CD_fresh",7.44,840,NA,NA,NA,NA,0.016210208,0.009600189,0.20629718,0.047753576,50.04119421,0.000115488,NA,NA,NA,2.215723599,18.08917553,0.01748827,19.80674014,0.478903984,0.001382713,174.2810063,NA,0.489234008,0.027056371,4.086025054,0.027733134,7.418314212,0.262389853,0.005434823,NA,2.924279286,-1.790211413,1.699327665,0.345515583,1.296813004,-0.31975155,2.241250059,0.611301025,NA,-0.310483361583841,1.317215658,0.871572936,244.0707118,-1.111904438,-2.017720217,0.419902142,-0.685506709,-1.929324986,-1.320994101,0.396765617,-0.111930556,-3.93746314,-2.076034358,NA,NA,NA,NA,NA,NA,1.019529702,1.257418773,-0.816760132,-1.75725315,-82.52660075,-0.674498144,0.966632524,-2.859267954,-3.149452845,-0.428038213,NA,NA,0.907487419488298,-1.567730455,-3.386533213,1.084384537,-1.55700105,-4.157740505,0.870305224,2.539895192,-0.581052964,-1.479124885,-2.264814595,-3.668678059,NA
48,"Group 06 Friday","G_06_S6","6",6,400334,6468241,"Fresh","Chapman","ChapmanM","CD_fresh",7.45,668,NA,NA,NA,NA,0.105423897,0.014175154,0.205686045,0.070354458,48.22940193,0.000208379,NA,NA,0.017166091,2.135749801,19.5831142,0.016303529,17.51668571,0.433277971,0.001614362,149.223982,NA,0.560093614,0.026333236,2.161139116,NA,7.15722395,0.261975201,0.004771045,0.004087554,2.824776462,-0.977060934,1.683311876,0.329550375,1.243451938,-0.363233391,2.173838625,0.334682724,-2.388536497,-0.251739378983414,1.304924504,0.872156273,244.9704015,-1.059601791,-1.848472214,0.451604991,-0.686795173,-1.931709567,-1.152708378,0.446352614,-0.114264707,-3.68114605,-1.979627672,NA,NA,NA,NA,-1.76532859,0.68680196,1.018618947,1.291881757,-0.812241625,-1.78771838,-89.08850141,-0.685516374,0.96218184,-2.791999074,-3.065584754,-0.439103264,NA,NA,0.924309126377296,-1.579495769,-3.417676743,1.045352113,NA,NA,0.854744607,2.497916368,-0.581739818,-1.479809476,-2.321386487,-3.789747372,-20.68553214
62,"Group 07 Friday","G_07_S1","7",1,400422,6468338,"Fresh","Chapman","ChapmanU","CD_fresh",7.09,1018,NA,NA,NA,NA,0.015529925,0.058036216,0.191339941,0.067927438,52.92989958,0.00019608,NA,NA,NA,13.58255948,11.05026652,NA,12.03160414,0.50980031,0.001233741,100.4684414,NA,0.152063095,0.019762073,0.433385564,0.026503645,7.661187403,0.256492888,0.00587372,0.003120945,3.007747778,-1.808830642,1.72370107,1.132981616,1.080323534,-0.292599905,2.002029665,-0.363125559,-2.505713885,-0.81797617439285,1.327615406,0.850646235,213.8901451,-1.113131805,-1.236300912,0.587617426,-0.718194364,-1.990740445,-1.167954765,0.441615718,-0.108469531,-3.707566702,-1.989354505,NA,NA,NA,NA,NA,NA,1.065477028,1.043372753,-0.845392465,NA,NA,-0.720328579,0.969422128,-2.908776002,-3.212639691,-0.468615174,NA,NA,0.774337053881074,-1.704167501,-3.765815943,0.953016405,-1.576694394,-4.233356526,0.884296086,2.578241162,-0.590924672,-1.488994572,-2.23108676,-3.598345592,-23.99998584
63,"Group 07 Friday","G_07_S2","7",2,400421,6468334,"Fresh","Chapman","ChapmanU","CD_fresh",7.28,926,NA,NA,NA,NA,0.030064296,0.045282385,0.186147799,0.05007745,49.96597168,0.000245607,NA,NA,NA,11.91676126,12.88169578,0.01738636,11.92651975,0.622503813,0.001491937,99.29060843,NA,1.436201917,0.022200291,0.727619954,0.026650122,6.674389759,0.223440706,0.006569862,0.003637822,2.966610987,-1.521948961,1.698674337,1.076158239,1.076513732,-0.205857984,1.996908172,-0.1380954,-2.439158555,0.157215502075016,1.32247975,0.862131379,229.9599684,-1.094370236,-1.344070707,0.561004544,-0.730142094,-2.013673174,-1.300357794,0.402536857,-0.112024833,-3.60975926,-1.953583627,NA,NA,NA,NA,NA,NA,1.06209325,1.109973038,-0.83637758,-1.759791332,-83.05433231,-0.72116239,0.978388192,-2.826249515,-3.108003927,-0.469524705,NA,NA,1.05038306545136,-1.653641333,-3.620642777,0.981865375,-1.574300799,-4.224092978,0.824411564,2.418069126,-0.650837705,-1.550324134,-2.182443753,-3.499278463,-22.05721192
64,"Group 07 Friday","G_07_S3","7",3,400419,6468329,"Fresh","Chapman","ChapmanU","CD_fresh",7.07,951,NA,NA,NA,NA,0.024085904,0.040704344,0.183452732,0.063930352,49.54357393,0.000323007,NA,NA,NA,13.15171801,13.07160693,0.017429168,11.85590626,0.568391678,0.001107456,99.22659843,NA,1.179750539,0.020074241,0.849843898,NA,6.75723037,0.226564098,0.007949752,0.003736228,2.978180517,-1.618237049,1.694987332,1.118982488,1.073934757,-0.245352289,1.996628104,-0.07066084,-2.427566629,0.0717901844338657,1.323922118,0.849419414,212.2414093,-1.100631788,-1.39035924,0.549947227,-0.736475816,-2.025937207,-1.194292904,0.433550853,-0.112558368,-3.490788066,-1.910938478,NA,NA,NA,NA,NA,NA,1.064642394,1.11632898,-0.835522293,-1.758723344,-82.83186922,-0.721727371,0.974295633,-2.95567352,-3.273663519,-0.469574493,NA,NA,1.02269968815156,-1.697360866,-3.745924713,0.990679391,NA,NA,0.829768725,2.43198311,-0.644808909,-1.544040183,-2.099646419,-3.336883939,-21.73529245
65,"Group 07 Friday","G_07_S4","7",4,400415,6468327,"Fresh","Chapman","ChapmanU","CD_fresh",7.21,947,NA,NA,NA,NA,0.028165992,0.037476467,0.182497026,0.085373755,47.16189679,0.000207853,NA,NA,NA,12.72679616,12.52217537,0.01809627,11.97948484,0.541965079,0.00085115,99.96349391,NA,0.907513379,0.020724286,0.737968958,0.034199228,6.742795438,0.220009872,0.0057376,0.004878223,2.976349979,-1.550274948,1.673591264,1.104719088,1.078438142,-0.266028696,1.999841427,-0.131961906,-2.311738351,-0.0421469636659071,1.323693801,0.857935265,223.9534447,-1.096208549,-1.426241358,0.54152595,-0.738744208,-2.030347653,-1.068675617,0.473387349,-0.115705068,-3.682243703,-1.980030828,NA,NA,NA,NA,NA,NA,1.063792676,1.097679782,-0.838034306,-1.742410933,-79.5070986,-0.720741094,0.972159892,-3.069993897,-3.427320124,-0.469003569,NA,NA,0.986908796069119,-1.683520423,-3.70580181,0.982663799,-1.465983697,-3.825435969,0.828839984,2.429565196,-0.657557832,-1.557358819,-2.241269732,-3.619436801,-18.76568076
66,"Group 07 Friday","G_07_S5","7",5,400412,6468322,"Fresh","Chapman","ChapmanU","CD_fresh",7.12,960,NA,NA,NA,NA,0.036761568,0.02964816,0.182263956,0.088190455,46.43161685,0.000196618,NA,NA,NA,12.86877144,12.62671349,0.01680228,11.70336793,0.549803897,0.001020123,100.9099862,NA,0.62522336,0.02232172,0.895067948,NA,6.877915606,0.214831209,0.006963817,0.005412412,2.982271233,-1.434605973,1.666813807,1.109537088,1.068310859,-0.259792186,2.003934147,-0.048143994,-2.266609152,-0.20396480395808,1.324432482,0.852479994,216.3784588,-1.088721196,-1.528002254,0.518338269,-0.739299208,-2.031428202,-1.054578417,0.478080418,-0.116720053,-3.706376726,-1.988915386,NA,NA,NA,NA,NA,NA,1.064079624,1.101290326,-0.837547383,-1.774631782,-86.20816779,-0.722960944,0.97280359,-2.991347461,-3.3208581,-0.468277404,NA,NA,0.938219324662428,-1.651272344,-3.613975198,0.993640035,NA,NA,0.837456843,2.452091225,-0.667902627,-1.568250279,-2.15715265,-3.448852695,-17.7217258
67,"Group 07 Friday","G_07_S6","7",6,400408,6468318,"Fresh","Chapman","ChapmanU","CD_fresh",7.19,964,NA,NA,NA,NA,0.033401651,0.031056312,0.17696234,0.09461939,44.75589292,0.000201256,NA,NA,NA,8.566182507,14.44154025,0.016449405,11.8380943,0.577836885,0.001431329,97.58889865,NA,0.530611944,0.01864377,1.096580392,0.031598476,6.456734022,0.209360448,0.005110643,0.004020182,2.984077034,-1.476232066,1.650850226,0.932787323,1.073281795,-0.238194739,1.989400417,0.040040476,-2.395754285,-0.275222978336144,1.324657839,0.85672889,222.2558002,-1.09140978,-1.507850119,0.522849998,-0.752119148,-2.056548518,-1.024019856,0.488413961,-0.119146066,-3.696251163,-1.985182822,NA,NA,NA,NA,NA,NA,1.053603334,1.159613515,-0.829720926,-1.783849807,-88.22715873,-0.721870486,0.975036055,-2.844260529,-3.130545544,-0.470861206,NA,NA,0.917547360230396,-1.729466263,-3.840677594,1.005320462,-1.500333863,-3.947607932,0.810012896,2.38106517,-0.679105361,-1.580130938,-2.291524455,-3.725350064,-20.87576692
68,"Group 07 Friday","G_07_S7","7",7,400405,6468315,"Fresh","Chapman","ChapmanU","CD_fresh",7.11,964,NA,NA,NA,NA,0.019509911,0.028390025,0.17759126,0.052213299,46.47871374,0.00017754,NA,NA,NA,9.393811143,15.22086906,0.017203887,12.1236161,0.621628958,0.001149021,100.429092,NA,0.236231405,0.023425731,1.088672393,NA,6.617403783,0.210563948,0.006186456,0.004651364,2.984077034,-1.709744712,1.667254101,0.972841825,1.083632176,-0.206468763,2.001859536,0.03689721,-2.332419673,-0.626662367046098,1.324657839,0.851869601,215.5469901,-1.106615671,-1.546834225,0.514157298,-0.750578411,-2.05351314,-1.282218866,0.407678952,-0.116653845,-3.750703784,-2.005338359,NA,NA,NA,NA,NA,NA,1.055968364,1.18243945,-0.826677837,-1.764373419,-84.01558647,-0.719605234,0.97832477,-2.939672034,-3.252712936,-0.468645359,NA,NA,0.822068175542135,-1.630306848,-3.555499892,1.004901772,NA,NA,0.820687635,2.408444013,-0.676615985,-1.577483165,-2.208558072,-3.552119358,-19.26442818
69,"Group 07 Friday","G_07_S8","7",8,400399,6468309,"Fresh","Chapman","ChapmanU","CD_fresh",7.03,1109,NA,NA,NA,NA,0.095445311,0.031939015,0.189081209,0.110511632,49.98742915,0.00018657,NA,NA,0.014726119,13.60504905,11.09086346,0.017869671,14.3954162,0.504752183,0.000951665,111.4631899,NA,0.357359905,0.01908392,0.686066849,NA,8.385538306,0.251782483,0.008896507,0.017774321,3.044931546,-1.020245403,1.698860802,1.133700112,1.158224226,-0.296921794,2.047131468,-0.163633565,-1.750206981,-0.446894175988371,1.332274711,0.846955325,208.9681979,-1.062316552,-1.495678482,0.525594028,-0.723351629,-2.000607199,-0.956592008,0.512012074,-0.111997918,-3.729158188,-1.997338945,NA,NA,NA,NA,-1.831911694,0.677138148,1.065519882,1.044965359,-0.845175763,-1.747883443,-80.60734962,-0.703489096,0.968977552,-3.021515903,-3.361299807,-0.460681195,NA,NA,0.869596720739064,-1.719332413,-3.810513454,0.978547926,NA,NA,0.923530947,2.688891835,-0.598974488,-1.497091466,-2.050780475,-3.24460002,-9.205736779
56,"Group 08 Friday","G_08_S1","8",1,400508,6468315,"Fresh","Chapman","ChapmanU","CD_fresh",6.97,863,NA,NA,NA,NA,0.060455173,0.014271121,0.189954917,0.053253937,43.58414539,0.000289683,NA,NA,NA,8.239833823,12.15011551,NA,10.61558013,0.446435114,0.001123702,89.30457968,NA,2.048815377,0.020693625,1.988335956,NA,5.737373326,0.203510532,0.006318402,0.007310317,2.936010796,-1.218566532,1.639328535,0.915918453,1.025943733,-0.350241654,1.950873731,0.298489766,-2.13606379,0.311502824988481,1.318672409,0.843232778,204.1187766,-1.074873463,-1.845541912,0.452174461,-0.72134946,-1.996770904,-1.27364828,0.410131375,-0.120928307,-3.538076991,-1.927776543,NA,NA,NA,NA,NA,NA,1.052608892,1.084580407,-0.839803282,NA,NA,-0.732321976,0.963509488,-2.949348846,-3.265366609,-0.477779663,NA,NA,1.10229494563945,-1.684163425,-3.707656293,1.040350123,NA,NA,0.75871311,2.25376993,-0.69141311,-1.593287267,-2.199392746,-3.533483556,-15.01752296
57,"Group 08 Friday","G_08_S2","8",2,400485,6468320,"Fresh","Chapman","ChapmanU","CD_fresh",7.03,838.7,NA,NA,NA,NA,0.055531001,0.018137204,0.186535017,0.068365049,46.04077698,0.000210896,NA,NA,NA,6.643092398,11.88101972,NA,11.04728385,0.563328328,0.001018817,92.13345714,NA,1.285462245,0.021355995,1.455036315,0.034729615,5.954686318,0.209852545,0.007797237,NA,2.923606643,-1.255464498,1.663142644,0.822370293,1.043255513,-0.249238409,1.964417368,0.162873833,NA,0.109059325608242,1.317132182,0.846955325,208.9681979,-1.07722602,-1.741429662,0.472880269,-0.729239629,-2.011931777,-1.165165871,0.442478426,-0.117273555,-3.675931657,-1.977713606,NA,NA,NA,NA,NA,NA,1.047111118,1.074853717,-0.841119217,NA,NA,-0.728482375,0.973893864,-2.991903817,-3.321599491,-0.475336044,NA,NA,1.03468645141654,-1.670480189,-3.668391971,1.021819469,-1.459300031,-3.802107542,0.774858889,2.293082422,-0.678085759,-1.579045923,-2.108059265,-3.353034487,NA
58,"Group 08 Friday","G_08_S3","8",3,400465,6468332,"Fresh","Chapman","ChapmanU","CD_fresh",7.03,911.6,NA,NA,NA,NA,0.043985014,0.026865086,0.18095615,0.072014359,51.64634089,0.000201952,NA,0.001199152,NA,7.35417659,15.85838741,NA,12.30893197,0.368982755,0.000865305,94.43489535,NA,0.989991199,0.022536234,0.727327934,0.044429509,6.277510921,0.233633549,0.005960945,NA,2.959804317,-1.356695265,1.713039557,0.866534054,1.090220371,-0.432993931,1.975132503,-0.138269732,NA,-0.00436866625368739,1.3216319,0.846955325,208.9681979,-1.083706814,-1.570811765,0.508882707,-0.742426652,-2.037527902,-1.142580901,0.449527168,-0.1099701,-3.694751842,-1.984630726,NA,NA,-2.921125764,0.001696628,NA,NA,1.049703011,1.200259023,-0.824309942,NA,NA,-0.718167066,0.955084112,-3.062830787,-3.417483921,-0.473411618,NA,NA,0.998635027372561,-1.647118657,-3.602314166,0.981842691,-1.352328486,-3.447519089,0.797787477,2.350091232,-0.631464794,-1.530221745,-2.224684885,-3.585148847,NA
59,"Group 08 Friday","G_08_S4","8",4,400452,6468340,"Fresh","Chapman","ChapmanU","CD_fresh",6.97,927.2,NA,NA,NA,NA,0.029258,0.049583112,0.196750636,0.058099606,47.56955884,0.000193467,NA,NA,NA,15.7196386,15.29992026,NA,10.78700033,0.391863411,0.000802822,97.05655962,NA,0.282431753,0.022254741,0.749885155,NA,6.704290333,0.220722086,0.007156347,0.004732231,2.967173423,-1.533755364,1.677329124,1.196442557,1.032900692,-0.406865285,1.987024893,-0.125005244,-2.324934064,-0.549086478379933,1.322549833,0.843232778,204.1187766,-1.095136079,-1.304666219,0.570592423,-0.706083855,-1.967761792,-1.235826813,0.421131175,-0.115149071,-3.713393103,-1.991505934,NA,NA,NA,NA,NA,NA,1.069268811,1.184689167,-0.826378516,NA,NA,-0.730776557,0.957736396,-3.095380735,-3.462409221,-0.471284879,NA,NA,0.842251084229733,-1.652577456,-3.617646948,0.983570165,NA,NA,0.826352813,2.42310185,-0.656154208,-1.555886862,-2.145308609,-3.425488347,-19.082394
60,"Group 08 Friday","G_08_S5","8",5,400474,6468325,"Fresh","Chapman","ChapmanU","CD_fresh",7.01,841.3,NA,NA,NA,NA,0.023653627,0.026453757,0.181089871,0.035699011,47.71112742,0.000185625,NA,NA,NA,12.34505828,10.63980233,NA,11.46295612,0.357857856,0.000989503,92.81771887,NA,0.724632547,0.021182223,0.997233321,NA,6.309670913,0.212103141,0.00715802,NA,2.924950889,-1.626102256,1.678619679,1.091493145,1.05929663,-0.446289444,1.967630891,-0.001203219,NA,-0.139882163449343,1.31729901,0.845718018,207.3436883,-1.101144837,-1.57751264,0.507418343,-0.742105841,-2.036901356,-1.447343815,0.363190797,-0.114957726,-3.731363533,-1.998156274,NA,NA,NA,NA,NA,NA,1.063005369,1.02693356,-0.847632554,NA,NA,-0.724942568,0.953737323,-3.004582885,-3.338540329,-0.474758079,NA,NA,0.957207116077474,-1.674028464,-3.678533706,0.999840556,NA,NA,0.800006709,2.355683721,-0.6734529,-1.574125215,-2.145207092,-3.425288774,NA
38,"Group 09 Friday","G_09_S1","9",1,400040,6468263,"Fresh","HardyRd","HardyRd","HardyRd",5.5,1185,NA,NA,NA,NA,0.240013077,NA,0.192861003,0.032758979,47.9735954,0.000189463,0.051474053,NA,NA,3.070011848,6.221445222,0.018296988,19.91325914,0.149514406,0.001727626,80.79931347,0.004960555,0.0085,0.014198745,40.41278839,NA,4.796942561,0.223190668,0.002951745,3.795357584,3.07371835,-0.619765095,1.681002268,0.487140052,1.299142345,-0.82531696,1.907407671,1.606518817,0.5792527,-2.07058107428571,1.335893064,0.740362689,106.6814827,-1.037405149,NA,NA,-0.714755579,-1.984188501,-1.484669642,0.353827079,-0.114605303,-3.72247559,-1.994864331,-1.288411635,-1.792102129,NA,NA,NA,NA,1.027644582,0.793891282,-0.880034074,-1.737620397,-78.55629322,-0.674021226,0.916131723,-2.762550269,-3.029575599,-0.485707226,-2.304469731,-3.820385548,0.523411737033243,-1.84775004,-4.210923872,1.237265462,NA,NA,0.680964518,2.073697574,-0.651323968,-1.55083209,-2.529921164,-4.271574142,-0.4796593
39,"Group 09 Friday","G_09_S2","9",2,NA,NA,"Fresh","HardyRd","HardyRd","HardyRd",5.67,1138,NA,NA,NA,NA,0.185730392,NA,0.174096194,0.038081538,48.99364954,0.000201773,0.050709079,NA,NA,3.027665062,5.929617689,0.018013869,20.52307086,0.15175202,0.001617745,81.64659428,0.006401525,0.00849,0.016173809,40.43378467,NA,4.975278263,0.226251557,0.004164288,4.008493637,3.056142262,-0.731117025,1.690139791,0.481107829,1.312242345,-0.818865519,1.911938074,1.606744394,0.602981199,-2.07109230975605,1.333682674,0.753583059,115.9588348,-1.044272437,NA,NA,-0.759210723,-2.07057746,-1.41928552,0.370392418,-0.113263709,-3.695136949,-1.98477252,-1.294914277,-1.797386533,NA,NA,NA,NA,1.027297631,0.773026693,-0.882994747,-1.744393,-79.90384876,-0.671345358,0.916759235,-2.791089934,-3.064466707,-0.484874845,-2.193716554,-3.582044943,0.523328080209843,-1.79118769,-4.029621717,1.23730245,NA,NA,0.696817375,2.109207245,-0.645408423,-1.544663929,-2.380459243,-3.920435054,-0.465438826
40,"Group 09 Friday","G_09_S3","9",3,NA,NA,"Fresh","HardyRd","HardyRd","HardyRd",5.71,1154,NA,NA,NA,NA,0.205023735,0.00234609,0.173182726,0.038510145,49.24493764,0.000124046,0.049565735,NA,NA,2.820613307,5.296171037,0.019458429,20.30860819,0.151743952,0.001661483,83.91120041,0.005106043,0.0085,0.016696669,40.23231816,NA,4.965057143,0.225768224,0.005071258,3.991449622,3.062205809,-0.688195859,1.692361592,0.45034355,1.307680161,-0.818888609,1.923819934,1.604575057,0.601130652,-2.07058107428571,1.334444819,0.756636108,118.2135111,-1.041620038,-2.629655332,0.322742583,-0.761495429,-2.075117541,-1.414424846,0.371654422,-0.112939879,-3.906417235,-2.064111828,-1.304818449,-1.805465162,NA,NA,NA,NA,1.025530005,0.723962002,-0.88999631,-1.710892226,-73.45632658,-0.672276043,0.916756989,-2.779504098,-3.050254275,-0.482698533,-2.291915532,-3.792591026,0.523411737033243,-1.777370162,-3.986531192,1.236946788,NA,NA,0.695924251,2.10719062,-0.646337183,-1.545630724,-2.294884294,-3.732540557,-0.466532535
41,"Group 09 Friday","G_09_S4","9",4,400046,6468254,"Fresh","HardyRd","HardyRd","HardyRd",5.71,1154,NA,NA,NA,NA,0.209716707,NA,0.172950439,0.035336429,49.21161636,0.000200413,0.05254163,NA,NA,2.610016161,7.19114497,0.018573243,20.23655638,0.150366711,0.001565578,84.68395417,0.006152596,0.00849,0.013883841,40.08362855,0.02947448,4.929994928,0.226155187,0.00383897,4.091430627,3.062205809,-0.67836697,1.69206763,0.416643196,1.306136611,-0.8228483,1.927801128,1.602967029,0.611875192,-2.07109230975605,1.334444819,0.756636108,118.2135111,-1.041013591,NA,NA,-0.762078331,-2.076277456,-1.451777341,0.362065741,-0.112982671,-3.698074111,-1.985854294,-1.279496458,-1.784882411,NA,NA,NA,NA,1.023597171,0.856798044,-0.87116759,-1.731112259,-77.28277584,-0.672591219,0.916371791,-2.80532529,-3.082020027,-0.481971514,-2.210941601,-3.618112475,0.523328080209843,-1.857490369,-4.242958328,1.236683218,-1.530553848,-4.058312411,0.692846472,2.100255929,-0.645593447,-1.544856482,-2.415785282,-4.000730989,-0.460217968
50,"Group 10 Friday","G_10_S1","10",1,400073,6467957,"Marine","SwanR","SwanR","SwanR",7.66,51100,NA,NA,NA,NA,NA,0.002495474,2.676595215,0.079183581,289.4961412,0.000162195,NA,0.00693705,NA,NA,257.2949698,0.072403241,861.3165013,0.06780956,0.005210916,7028.670886,NA,0.049349217,0.229292409,342.6869586,0.069888192,2.093945467,4.381970552,0.027084017,NA,4.7084209,NA,2.461642779,NA,2.935162768,-1.168709074,3.846873208,2.534897577,NA,-1.30671973367878,1.558336125,0.88422877,264.3528673,NA,-2.602846951,0.326485052,0.427582697,-0.663711386,-1.101364862,0.462681349,-0.041909151,-3.789962538,-2.019996749,NA,NA,-2.158825175,0.008965141,NA,NA,NA,2.410431296,-0.678403447,-1.140241993,-17.52405687,-0.410129325,0.883343544,-2.283085928,-2.499388958,-0.233065513,NA,NA,0.664607690226935,-0.639610323,-1.644872232,1.399250774,-1.155596195,-2.879466161,0.320965367,1.410245028,0.641669455,-0.649022787,-1.567286922,-2.458382321,NA
51,"Group 10 Friday","G_10_S2","10",2,400110,6467945,"Marine","SwanR","SwanR","SwanR",8.1,48830,NA,NA,NA,NA,NA,NA,2.674738345,0.075461434,298.3601725,0.000150829,NA,0.007629844,NA,NA,260.3843889,0.068883861,881.9528154,0.079642126,0.0050456,7051.256713,NA,0.043347502,0.22537182,342.9067865,0.039672267,2.061689873,4.306129582,0.02756891,0.007542957,4.688686724,NA,2.47474085,NA,2.945445351,-1.098857155,3.848266526,2.53517608,-2.122458368,-1.36303592469006,1.555441375,0.908485019,308.0559575,NA,NA,NA,0.427281304,-0.663903183,-1.122274946,0.455960444,-0.041207698,-3.821515148,-2.031855456,NA,NA,-2.117484342,0.009812169,NA,NA,NA,2.415614943,-0.677837606,-1.161882518,-18.5028001,-0.408850743,0.889916762,-2.297087182,-2.513469403,-0.232942601,NA,NA,0.653007839370589,-0.647100388,-1.654486218,1.399302419,-1.401512982,-3.606250745,0.314223338,1.400098447,0.634087095,-0.65234659,-1.559580404,-2.447533016,-14.76060273
52,"Group 10 Friday","G_10_S3","10",3,400119,6467939,"Marine","SwanR","SwanR","SwanR",7.78,47885,NA,NA,NA,NA,NA,NA,2.678716788,0.079719869,299.5805373,0.000121123,NA,0.00666676,NA,NA,259.1211445,0.066834561,888.7748699,0.076206655,0.00511913,7086.011943,NA,0.034280127,0.226138953,339.4904137,0.066787531,2.07041893,4.353586257,0.027385412,0.009659556,4.680199492,NA,2.476513595,NA,2.948791766,-1.118007101,3.85040188,2.530827515,-2.015042835,-1.46495757778452,1.554198062,0.890979597,275.8523512,NA,NA,NA,0.427926799,-0.663492478,-1.098433424,0.463631455,-0.041113667,-3.916773381,-2.068081259,NA,NA,-2.176085179,0.008633515,NA,NA,NA,2.413502853,-0.678068102,-1.1749989,-19.12243445,-0.408435496,0.888109859,-2.290803841,-2.507140739,-0.232754354,NA,NA,0.632526653876172,-0.645624623,-1.652587543,1.398496244,-1.175304611,-2.931874898,0.31605823,1.40285266,0.638847153,-0.650257987,-1.562480721,-2.451610477,-12.88062339
53,"Group 10 Friday","G_10_S4","10",4,400128,6467935,"Marine","SwanR","SwanR","SwanR",7.97,51800,NA,NA,NA,NA,NA,0.003420862,2.669136334,0.078708912,298.6257936,0.00016324,NA,0.006713664,NA,NA,257.3678534,0.065586651,884.9812192,0.07674558,0.004827096,7103.614757,NA,0.038718913,0.222772826,337.5038905,0.047659717,2.06496262,4.31336695,0.034476344,0.00923537,4.71432976,NA,2.475127317,NA,2.946934054,-1.114946627,3.851479401,2.528278783,-2.034545701,-1.41207684363452,1.559203926,0.901458321,294.7007569,NA,-2.465864445,0.346296164,0.426370757,-0.664482963,-1.103976091,0.461836666,-0.041187181,-3.787173414,-2.018951823,NA,NA,-2.173040398,0.008691112,NA,NA,NA,2.4105543,-0.678390014,-1.183184545,-19.51960689,-0.408665962,0.888398385,-2.316314064,-2.532934379,-0.232659421,NA,NA,0.643071570159881,-0.652137786,-1.66098363,1.398023953,-1.321848541,-3.352678355,0.314912194,1.401131802,0.634816406,-0.65202615,-1.462478795,-2.314865631,-13.20321079
54,"Group 10 Friday","G_10_S5","10",5,400142,6467925,"Marine","SwanR","SwanR","SwanR",7.93,52350,NA,NA,NA,NA,NA,0.003679744,2.702878717,0.077508276,291.5318858,0.000215045,NA,0.007936204,NA,NA,252.9143744,0.060199146,864.8349071,0.075371232,0.004830262,7089.384263,NA,0.044473977,0.22482829,335.4481503,0.077701068,2.073682576,4.375038868,0.028581445,NA,4.718916686,NA,2.464686062,NA,2.936933211,-1.122794386,3.850608517,2.525625401,NA,-1.35189403286438,1.559877915,0.899273187,290.6668295,NA,-2.434182394,0.351046764,0.431826559,-0.661016605,-1.110651923,0.459684165,-0.041745114,-3.667470651,-1.974611732,NA,NA,-2.100387177,0.010185447,NA,NA,NA,2.402973513,-0.679218357,-1.22040967,-21.43244018,-0.409908896,0.887658726,-2.316029312,-2.532645004,-0.232736146,NA,NA,0.655286636447192,-0.648149043,-1.655836712,1.397532439,-1.109573012,-2.760700271,0.316742279,1.403880818,0.640981916,-0.649323477,-1.543915818,-2.425627621,NA
