Count_,NUMBER_,LOCATION,MAP_NAME,EAST_1984,NORTH_1984,ZONE_,HOLE,DEPTH_FT,DEPTH_M,PETROLOGY,PET_DESC,Rock,REFERENCE,REF_DESC,ORG_NUMBER,SiO2,TiO2,Al2O3,Fe2O3,FeO,MnO,MgO,CaO,Na2O,K2O,P2O5,H2O,CO2,Co,Cr,Cu,Ni,Rb,Sr,V,Y,Zn,Zr,Lith
1040,59,NORSEMAN,NORSEMAN,384872.9,6437376,51,C55,100,30.48,U,uralitized,Basalt,JAH,JA Hallberg,UWA,518000,9500,147000,17000,89000,2000,46000,126000,22000,2300,1600,10000,10000,60,375,134,154,1,96,299,22,95,61,BASALT
1044,63,NORSEMAN,NORSEMAN,385056.2,6437378,51,C54,100,30.48,U,uralitized,Basalt,JAH,JA Hallberg,UWA,493000,7900,153000,7000,98000,2200,90000,103000,26000,1300,1500,15000,0.01,59,395,72,172,4,112,313,17,99,50,BASALT
1012,31,NORSEMAN,NORSEMAN,383597.6,6436684,51,C111,108,32.91,U,uralitized,Gabbro,JAH,JA Hallberg,UWA,498000,12300,164000,14000,94000,1800,62000,101000,29000,3900,1600,14000,1000,63,130,116,87,27,112,399,26,102,65,GABBRO
1796,1122,YOUANMI,YOUANMI,786673.6,6802854,50,BL3,112.3,34.22,R,recrystallized,Basalt,JAH,JA Hallberg,CSIR,531000,7400,123000,17000,72000,2200,74000,124000,30000,1200,1100,17000,5000,70,332,33,110,3,60,304,14,100,45,BASALT
1035,54,NORSEMAN,NORSEMAN,384768.1,6437375,51,C56,115,35.05,U,uralitized,Basalt,JAH,JA Hallberg,UWA,503000,10400,163000,8000,91000,2500,47000,123000,26000,1900,1600,19000,1000,61,470,110,173,7,124,306,26,105,65,BASALT
289,1100,JACKSON,JACKSON,686978.8,6613249,50,DJ1,120,36.57,R,recrystallized,Basalt,JAH,JA Hallberg,CSIR,521000,6000,150000,14000,79000,1700,78000,83000,35200,4600,800,26000,1000,47,192,152,120,3,79,310,31,75,38,BASALT
1794,1120,YOUANMI,YOUANMI,786673.6,6802854,50,BL2,132.5,40.38,R,recrystallized,Basalt,JAH,JA Hallberg,CSIR,514000,8000,150000,14000,84000,2600,78000,110000,21900,1600,1100,17000,0.01,68,359,62,118,12,113,321,17,240,59,BASALT
1805,1131,YOUANMI,YOUANMI,786673.6,6802854,50,BL7,133,40.53,R,recrystallized,Basalt,JAH,JA Hallberg,CSIR,530000,7300,138000,11000,75000,1700,79000,106000,31100,1200,300,13000,2000,50,329,102,89,6,101,297,15,80,42,BASALT
1615,2249,WIDGIEMOOLTHA,WIDGIEMOOLTHA,373806.6,6546326,51,KD 1,135,41.14,CTS,chlorite tremolite schist,High-Mg Basalt,ROS,,KR 46,413000,4300,91000,46000,75000,2200,226000,64000,800,100,100,70000,1000,114,2440,1,925,1,5,127,8,84,23,HIGH MG BASALTX
167,1475,CUE,CUE,608359.1,6949169,50,YD1,138,42.06,MU,,Dolerite,JAH,JA Hallberg,CSIR,520000,11700,138000,21000,103000,1400,61000,70000,40000,2900,1800,22000,0.01,68,49,53,71,10,161,263,22,78,96,DOLERITE
1063,82,NORSEMAN,NORSEMAN,385422.7,6437382,51,C59,150,45.72,R,recrystallized,Gabbro,JAH,JA Hallberg,UWA,519000,10000,151000,14000,98000,2500,62000,94000,32000,2100,1400,11000,2000,52,285,102,88,15,55,333,23,137,56,GABBRO
1798,1124,YOUANMI,YOUANMI,786627.8,6801006,50,BL4,153,46.63,PU,porphyritic; uralitized,Basalt,JAH,JA Hallberg,CSIR,521000,8500,140000,14000,84000,1700,77000,116000,26500,1800,500,13000,0.01,59,390,12,109,5,155,335,17,77,51,BASALT
1712,2251,WIDGIEMOOLTHA,WIDGIEMOOLTHA,373806.6,6546326,51,KD 1,155,47.24,TCC,,Peridotite,ROS,,,424000,2100,44000,47000,36000,900,286000,34000,100,10,200,47000,75000,121,1700,38,1760,1,20,67,2,0.56,11,PERIDOTITE
1638,2282,WIDGIEMOOLTHA,WIDGIEMOOLTHA,374547.6,6546334,51,KD21,171,52.12,TCC,,Peridotite,ROS,,,379000,2500,57000,11000,84000,1800,255000,53000,1500,200,200,66000,84000,116,2320,10,1580,1,31,111,3,67,15,PERIDOTITE
1806,1132,YOUANMI,YOUANMI,786673.6,6802854,50,BL7,171,52.12,R,recrystallized,Basalt,JAH,JA Hallberg,CSIR,532000,7800,142000,15000,79000,1900,79000,99000,33800,1100,800,14000,0.01,56,330,38,102,5,113,298,16,80,43,BASALT
1618,2253,WIDGIEMOOLTHA,WIDGIEMOOLTHA,373806.6,6546326,51,KD 1,173,52.73,TCC,,Peridotite,ROS,,KR 50,384000,1600,35000,24000,47000,1100,306000,24000,200,10,100,54000,118000,97,1394,30,1642,1,12,56,4,39,9,PERIDOTITE
1640,2284,WIDGIEMOOLTHA,WIDGIEMOOLTHA,374547.6,6546334,51,KD21,178,54.25,TCC,,Peridotite,ROS,,,424000,2300,49000,19000,64000,1200,265000,40000,700,10,200,62000,66000,98,1660,64,1780,1,26,76,2,98,11,PERIDOTITE
1619,2254,WIDGIEMOOLTHA,WIDGIEMOOLTHA,373806.6,6546326,51,KD 1,181,55.16,TCC,,Peridotite,ROS,,KR 51,408000,2600,52000,42000,53000,1000,279000,32000,100,10,200,68000,60000,99,1910,5,1490,1,14,82,4,41,14,PERIDOTITE
245,1229,EULAMINNA,LAVERTON,379970.9,6794486,51,9,187,56.99,PU,porphyritic; uralitized,Basalt,JAH,JA Hallberg,CSIR,470000,13500,141000,29000,117000,2700,61000,89000,30200,200,1400,43000,3000,66,111,92,88,4,104,358,39,123,81,BASALT
1799,1125,YOUANMI,YOUANMI,786627.8,6801006,50,BL4,193,58.82,PU,porphyritic; uralitized,Basalt,JAH,JA Hallberg,CSIR,527000,7600,144000,16000,75000,1700,76000,106000,34600,1600,700,13000,3000,65,329,88,109,3,152,311,17,81,46,BASALT
1655,2310,WIDGIEMOOLTHA,WIDGIEMOOLTHA,373727.3,6546325,51,KD12,194,59.13,CTS,chlorite tremolite schist,High-Mg Basalt,ROS,,BC  7,451000,2700,68000,11000,96000,1900,220000,75000,1500,200,300,59000,3000,92,2360,115,1170,1,18,96,6,58,15,HIGH MG BASALTX
1013,32,NORSEMAN,NORSEMAN,383597.6,6436684,51,C111,200,60.96,U,uralitized,Gabbro,JAH,JA Hallberg,UWA,489000,11000,159000,14000,99000,2300,65000,112000,29000,2600,1700,12000,0.01,47,220,59,95,11,119,315,24,125,57,GABBRO
1036,55,NORSEMAN,NORSEMAN,384768.1,6437375,51,C56,200,60.96,U,uralitized,Basalt,JAH,JA Hallberg,UWA,506000,9900,151000,17000,97000,2100,65000,122000,19000,1500,1900,9000,0.01,60,425,132,153,1,98,295,22,100,62,BASALT
1041,60,NORSEMAN,NORSEMAN,384872.9,6437376,51,C55,200,60.96,U,uralitized,Basalt,JAH,JA Hallberg,UWA,499000,9200,144000,14000,107000,2100,75000,106000,29000,1200,1300,8000,0.01,66,290,129,148,6,135,310,25,110,63,BASALT
1045,64,NORSEMAN,NORSEMAN,385056.2,6437378,51,C54,200,60.96,U,uralitized,Dolerite,JAH,JA Hallberg,UWA,501000,8200,147000,7000,99000,1900,85000,111000,19000,1300,1300,11000,1000,57,340,117,163,3,88,355,19,96,47,DOLERITE
1656,2311,WIDGIEMOOLTHA,WIDGIEMOOLTHA,373727.3,6546325,51,KD12,200,60.96,CTS,chlorite tremolite schist,High-Mg Basalt,ROS,,BC  8,483000,2700,55000,11000,84000,1800,216000,92000,1900,400,200,50000,1000,64,995,6,630,1,22,76,6,83,15,HIGH MG BASALTX
257,1694,GLENGARRY,GLENGARRY,663204.3,7021663,50,GD1,209,63.7,U,uralitized,Basalt,JAH,JA Hallberg,CSIR,504000,12100,109000,20000,84000,1600,117000,75000,34100,9600,1000,25000,3000,73,1054,11,328,31,293,247,38,35,106,BASALT
1103,122,NORSEMAN,NORSEMAN,386896.3,6436752,51,S49,212,64.61,U,uralitized,Dolerite,JAH,JA Hallberg,UWA,480000,5100,132000,11000,106000,2000,123000,104000,13000,1100,1100,21000,0.01,75,355,94,150,9,54,287,25,98,27,DOLERITE
166,1474,CUE,CUE,608721.3,6949812,50,MCY1,222.5,67.81,U,uralitized,Basalt,JAH,JA Hallberg,CSIR,531000,14000,143000,18000,88000,2000,61000,87000,23700,3100,2300,23000,0.01,85,85,172,126,12,119,413,29,115,90,BASALT
1807,1133,YOUANMI,YOUANMI,786673.6,6802854,50,BL7,227.5,69.34,R,recrystallized,Basalt,JAH,JA Hallberg,CSIR,524000,7400,143000,14000,84000,1800,90000,107000,15700,700,800,14000,0.01,49,310,180,99,3,67,304,14,54,44,BASALT
1608,2241,WIDGIEMOOLTHA,WIDGIEMOOLTHA,373727.3,6546325,51,KD12,239,72.84,CTS,chlorite tremolite schist,High-Mg Basalt,ROS,,,439000,2700,59000,41000,62000,1500,257000,52000,600,100,200,63000,19000,93,1510,42,930,1,20,108,6,79,15,HIGH MG BASALTX
122,991,COOLGARDIE,KALGOORLIE,318564,6563076,51,MD2B,244,74.37,U,uralitized,Basalt,JAH,JA Hallberg,CSIR,498000,6400,148000,29000,88000,900,80000,118000,21700,1100,800,14000,0.01,62,313,91,170,10,103,184,20,93,43,BASALT
1609,2242,WIDGIEMOOLTHA,WIDGIEMOOLTHA,373727.3,6546325,51,KD12,244,74.37,CTS,chlorite tremolite schist,Peridotite,ROS,,,360000,1800,39000,41000,48000,2600,263000,76000,500,10,100,51000,114000,71,1380,46,1580,1,104,67,3,74,10,PERIDOTITE
1064,83,NORSEMAN,NORSEMAN,385422.7,6437382,51,C59,250,76.2,U,uralitized,Gabbro,JAH,JA Hallberg,UWA,518000,8900,167000,10000,86000,2300,63000,107000,26000,1900,1700,10000,0.01,61,190,91,149,3,100,255,18,107,50,GABBRO
1797,1123,YOUANMI,YOUANMI,786673.6,6802854,50,BL3,284.5,86.71,U,uralitized,Basalt,JAH,JA Hallberg,CSIR,522000,7400,145000,13000,76000,2300,79000,116000,23100,1400,1200,15000,2000,70,338,74,98,10,107,308,16,74,44,BASALT
1611,2245,WIDGIEMOOLTHA,WIDGIEMOOLTHA,373727.3,6546325,51,KD12,290,88.39,TCS,tremolitic; carbonatized; serpentinized,Peridotite,ROS,,,344000,1000,21000,30000,34000,1200,345000,1000,300,10,100,41000,177000,94,1170,15,2140,1,1,41,2,42,6,PERIDOTITE
1014,33,NORSEMAN,NORSEMAN,383597.6,6436684,51,C111,300,91.44,U,uralitized,Gabbro,JAH,JA Hallberg,UWA,501000,9300,152000,13000,93000,1900,66000,111000,26000,2500,1600,12000,3000,43,320,96,111,15,107,279,23,111,60,GABBRO
1037,56,NORSEMAN,NORSEMAN,384768.1,6437375,51,C56,300,91.44,U,uralitized,Basalt,JAH,JA Hallberg,UWA,504000,10600,159000,24000,86000,2100,51000,120000,27000,1300,1200,11000,2000,50,510,100,192,3,100,230,22,97,63,BASALT
1042,61,NORSEMAN,NORSEMAN,384872.9,6437376,51,C55,300,91.44,U,uralitized,Basalt,JAH,JA Hallberg,UWA,471000,9900,157000,15000,106000,2300,52000,128000,27000,900,1400,12000,10000,63,325,75,161,6,101,380,22,161,60,BASALT
1046,65,NORSEMAN,NORSEMAN,385056.2,6437378,51,C54,300,91.44,U,uralitized,Dolerite,JAH,JA Hallberg,UWA,503000,8000,145000,12000,97000,2100,85000,111000,22000,900,1400,11000,0.01,55,340,89,159,7,82,297,20,97,47,DOLERITE
1072,91,NORSEMAN,NORSEMAN,385501.3,6437383,51,C60,300,91.44,AU,amygdaloidal; uralitized,Basalt,JAH,JA Hallberg,UWA,502000,9500,158000,14000,97000,2100,82000,103000,28000,1400,1800,13000,1000,62,360,58,157,6,62,379,30,123,56,BASALT
1104,123,NORSEMAN,NORSEMAN,386896.3,6436752,51,S49,300,91.44,U,uralitized,Basalt,JAH,JA Hallberg,UWA,498000,6400,143000,12000,99000,2700,79000,116000,24000,1500,1300,11000,2000,60,440,129,161,3,87,281,15,91,37,BASALT
1474,1306,WIDGIEMOOLTHA,WIDGIEMOOLTHA,360667.4,6515363,51,5893,780,237.74,,,Peridotite,MJH,"MJ Hough PhD thesis, ANU, 1975",ANU,445000,1200,32000,8000,82000,1400,418000,8000,1100,300,100,65000,2000,141,1835,25,2183,2,8,71,2,60,2,PERIDOTITE
984,3,NORSEMAN,NORSEMAN,382969.2,6436677,51,C114,550,167.64,U,uralitized,Basalt,JAH,JA Hallberg,UWA,513000,8400,143000,11000,91000,2300,87000,101000,38000,2500,1300,10000,0.01,57,270,58,165,21,88,318,24,99,51,BASALT
1593,1437,WIDGIEMOOLTHA,WIDGIEMOOLTHA,358462,6526205,51,3303,565,172.21,R,recrystallized,High-Mg Basalt,MJH,"MJ Hough PhD thesis, ANU, 1975",ANU,467000,5000,107000,25000,98000,2600,152000,116000,22600,2300,200,24000,2000,93,1640,2,382,6,63,213,11,218,26,HIGH MG BASALT
1562,1400,WIDGIEMOOLTHA,WIDGIEMOOLTHA,360667.4,6515363,51,5893,327,99.66,CTS,chlorite tremolite schist,High-Mg Basalt,SPI,,ANU,459000,4900,96000,14000,95000,1800,253000,61000,5600,2200,300,68000,2000,112,3579,28,865,19,24,191,7,246,24,HIGH MG BASALT
982,1,NORSEMAN,NORSEMAN,382969.2,6436677,51,C114,350,106.68,U,uralitized,Basalt,JAH,JA Hallberg,UWA,512000,9300,153000,16000,90000,2600,72000,108000,27000,1600,1300,12000,0.01,65,325,85,126,7,90,360,20,90,58,BASALT
1047,66,NORSEMAN,NORSEMAN,385056.2,6437378,51,C54,350,106.68,U,uralitized,Dolerite,JAH,JA Hallberg,UWA,514000,8000,149000,12000,92000,2100,79000,110000,23000,800,1300,10000,0.01,57,405,126,167,4,87,293,18,88,45,DOLERITE
1065,84,NORSEMAN,NORSEMAN,385422.7,6437382,51,C59,350,106.68,U,uralitized,Gabbro,JAH,JA Hallberg,UWA,490000,9700,162000,16000,106000,2300,66000,105000,23000,1500,1700,12000,1000,61,205,136,110,5,101,311,22,127,61,GABBRO
123,992,COOLGARDIE,KALGOORLIE,318564,6563076,51,MD2B,355.2,108.26,U,uralitized,Basalt,JAH,JA Hallberg,CSIR,491000,6400,150000,25000,92000,1900,81000,124000,12300,700,1300,14000,0.01,73,329,144,165,21,99,190,26,84,42,BASALT
124,993,COOLGARDIE,KALGOORLIE,318564,6563076,51,MD2B,395,120.39,U,uralitized,Basalt,JAH,JA Hallberg,CSIR,512000,6500,150000,19000,92000,2000,81000,122000,9700,1000,1900,14000,0.01,58,300,73,140,1,85,192,19,89,45,BASALT
1015,34,NORSEMAN,NORSEMAN,383597.6,6436684,51,C111,400,121.92,U,uralitized,Basalt,JAH,JA Hallberg,UWA,524000,9700,153000,17000,97000,1600,51000,87000,46000,1500,1400,9000,0.01,68,320,127,163,11,133,377,22,131,62,BASALT
1048,67,NORSEMAN,NORSEMAN,385056.2,6437378,51,C54,400,121.92,U,uralitized,Dolerite,JAH,JA Hallberg,UWA,486000,8500,152000,10000,104000,1700,89000,106000,22000,1300,1400,15000,1000,62,340,130,195,5,86,331,19,104,49,DOLERITE
1073,92,NORSEMAN,NORSEMAN,385501.3,6437383,51,C60,400,121.92,U,uralitized,Dolerite,JAH,JA Hallberg,UWA,486000,11600,151000,15000,117000,2100,84000,95000,24000,2000,1800,16000,1000,66,255,142,146,1,73,389,28,121,67,DOLERITE
1803,1129,YOUANMI,YOUANMI,786673.6,6802854,50,BL6,402,122.52,U,uralitized,Dolerite,JAH,JA Hallberg,CSIR,522000,7100,140000,14000,79000,1700,87000,110000,19000,1000,1000,19000,2000,50,302,85,120,4,87,302,15,64,52,DOLERITE
1643,2288,WIDGIEMOOLTHA,WIDGIEMOOLTHA,374547.6,6546334,51,KD21,403,122.83,TCC,,Peridotite,ROS,,,411000,1800,40000,22000,50000,1700,63000,58000,700,400,100,56000,91000,120,1510,6,1700,1,69,64,3,56,8,PERIDOTITE
1575,1413,WIDGIEMOOLTHA,WIDGIEMOOLTHA,358462,6526205,51,3303,406,123.74,CTS,chlorite tremolite schist,High-Mg Basalt,SPI,,ANU,464000,3900,83000,16000,105000,2000,241000,72000,6600,1200,300,52000,0.01,122,3001,21,1000,5,35,153,9,148,20,HIGH MG BASALT
1525,1357,WIDGIEMOOLTHA,WIDGIEMOOLTHA,360698.9,6518936,51,4147,411,125.27,S,serpentinized,Peridotite,MJH,"MJ Hough PhD thesis, ANU, 1975",ANU,423000,1900,36000,15000,149000,1600,330000,23000,200,100,200,81000,27000,236,3574,656,3722,2,30,82,4,207,9,PERIDOTITE
1539,1371,WIDGIEMOOLTHA,WIDGIEMOOLTHA,358956.8,6518913,51,1185,411,125.27,F,fresh,Peridotite,MJH,"MJ Hough PhD thesis, ANU, 1975",ANU,444000,2400,45000,11000,107000,1500,339000,43000,1100,200,100,63000,6000,137,2506,6,1642,2,14,105,5,127,11,PERIDOTITE
1465,1293,WIDGIEMOOLTHA,WIDGIEMOOLTHA,361045.7,6518664,51,3313,423,128.93,,,Basalt,MJH,"MJ Hough PhD thesis, ANU, 1975",ANU,494000,7100,143000,25000,91000,2700,89000,126000,16500,1300,700,16000,1000,62,275,159,63,12,82,231,14,98,39,BASALT
1526,1358,WIDGIEMOOLTHA,WIDGIEMOOLTHA,360698.9,6518936,51,4147,425,129.54,S,serpentinized,Peridotite,MJH,"MJ Hough PhD thesis, ANU, 1975",ANU,468000,1800,36000,8000,77000,1200,382000,17000,300,100,100,101000,6000,117,2055,54,2110,2,11,81,4,70,7,PERIDOTITE
98,1446,BOORABBIN,BOORABBIN,351404.5,6526446,51,4405,437,133.19,S,serpentinized,Peridotite,MJH,"MJ Hough PhD thesis, ANU, 1975",ANU,434000,1600,33000,10000,1.00E+05,1700,390000,17000,300,1400,100,103000,20000,149,4759,15,2181,5,10,50,4,73,14,PERIDOTITE
1808,1134,YOUANMI,YOUANMI,786673.6,6802854,50,BL8,456,138.98,U,uralitized,Dolerite,JAH,JA Hallberg,CSIR,511000,7800,144000,14000,84000,1700,82000,106000,23900,1000,700,20000,2000,54,319,118,101,8,100,317,15,210,43,DOLERITE
1804,1130,YOUANMI,YOUANMI,786673.6,6802854,50,BL6,464,141.42,U,uralitized,Dolerite,JAH,JA Hallberg,CSIR,526000,7900,142000,9000,90000,2100,94000,93000,19700,2600,900,14000,4000,59,305,198,100,33,75,318,17,79,48,DOLERITE
1587,1431,WIDGIEMOOLTHA,WIDGIEMOOLTHA,358956.8,6518913,51,1185,472,143.86,R,recrystallized,High-Mg Basalt,MJH,"MJ Hough PhD thesis, ANU, 1975",ANU,509000,6200,124000,22000,90000,1500,107000,103000,31900,3300,400,22000,0.01,71,506,70,140,19,323,233,12,131,26,HIGH MG BASALT
1527,1359,WIDGIEMOOLTHA,WIDGIEMOOLTHA,360698.9,6518936,51,4147,476,145.08,S,serpentinized,Peridotite,MJH,"MJ Hough PhD thesis, ANU, 1975",ANU,455000,2500,47000,9000,94000,1700,353000,26000,400,100,200,74000,1000,110,2694,64,1558,2,18,108,5,206,12,PERIDOTITE
1591,1435,WIDGIEMOOLTHA,WIDGIEMOOLTHA,358956.8,6518913,51,1185,482,146.91,R,recrystallized,High-Mg Basalt,MJH,"MJ Hough PhD thesis, ANU, 1975",ANU,483000,5700,109000,25000,1.00E+05,2000,134000,114000,24200,1200,400,19000,0.01,81,1015,8,210,7,106,207,12,180,29,HIGH MG BASALT
1049,68,NORSEMAN,NORSEMAN,385056.2,6437378,51,C54,500,152.4,U,uralitized,Basalt,JAH,JA Hallberg,UWA,511000,8100,147000,8000,97000,2100,85000,112000,24000,1200,1300,10000,0.01,48,330,109,168,7,70,297,21,97,45,BASALT
1074,93,NORSEMAN,NORSEMAN,385501.3,6437383,51,C60,500,152.4,U,uralitized,Basalt,JAH,JA Hallberg,UWA,530000,9100,142000,8000,95000,2900,60000,108000,26000,1200,1400,9000,9000,56,270,63,195,4,69,353,21,149,54,BASALT
1106,125,NORSEMAN,NORSEMAN,386896.3,6436752,51,S49,500,152.4,U,uralitized,Basalt,JAH,JA Hallberg,UWA,5.00E+05,6400,137000,13000,101000,2200,85000,107000,26000,2200,1500,12000,0.01,64,405,110,176,6,80,100,19,96,41,BASALT
1509,1341,WIDGIEMOOLTHA,WIDGIEMOOLTHA,360740.4,6515826,51,5896,522,159.1,S,serpentinized,Peridotite,MJH,"MJ Hough PhD thesis, ANU, 1975",ANU,434000,1300,28000,8000,85000,1500,422000,10000,600,1700,100,124000,2000,92,1522,58,1814,59,2,55,3,156,6,PERIDOTITE
125,994,COOLGARDIE,KALGOORLIE,318564,6563076,51,MD2B,525,160.02,U,uralitized,Basalt,JAH,JA Hallberg,CSIR,5.00E+05,6600,152000,19000,92000,2100,75000,131000,10300,800,1200,14000,0.01,66,290,121,142,5,99,178,24,94,44,BASALT
101,1449,BOORABBIN,BOORABBIN,351404.5,6526446,51,4405,526,160.32,T,tremolitic,Peridotite,MJH,"MJ Hough PhD thesis, ANU, 1975",ANU,486000,3800,80000,15000,1.00E+05,2200,234000,72000,2800,800,300,44000,2000,119,2985,30,911,2,7,127,10,137,31,PERIDOTITE
1510,1342,WIDGIEMOOLTHA,WIDGIEMOOLTHA,360740.4,6515826,51,5896,546,166.42,S,serpentinized,Peridotite,MJH,"MJ Hough PhD thesis, ANU, 1975",ANU,421000,2200,46000,9000,92000,1400,393000,16000,300,200,300,112000,11000,127,1937,82,1935,2,2,100,4,86,11,PERIDOTITE
1563,1401,WIDGIEMOOLTHA,WIDGIEMOOLTHA,360667.4,6515363,51,5893,547,166.72,CTS,chlorite tremolite schist,High-Mg Basalt,MJH,"MJ Hough PhD thesis, ANU, 1975",ANU,522000,2700,47000,11000,75000,1800,233000,96000,4200,300,100,46000,4000,114,2469,87,1250,2,28,116,5,135,14,HIGH MG BASALT
1580,1418,WIDGIEMOOLTHA,WIDGIEMOOLTHA,358462,6526205,51,3303,743,226.46,CTS,chlorite tremolite schist,High-Mg Basalt,SPI,,ANU,472000,4500,91000,16000,108000,2100,226000,69000,5300,500,400,53000,2000,109,2688,49,809,4,20,164,11,95,22,HIGH MG BASALT
133,1002,COOLGARDIE,KALGOORLIE,318564,6563076,51,MD5B,745,227.07,U,uralitized,Basalt,JAH,JA Hallberg,CSIR,504000,6200,150000,26000,88000,1900,70000,122000,19900,1100,1400,16000,0.01,56,300,75,143,1,119,194,20,83,40,BASALT
1069,88,NORSEMAN,NORSEMAN,385422.7,6437382,51,C59,750,228.6,U,uralitized,Basalt,JAH,JA Hallberg,UWA,540000,9200,159000,12000,69000,2100,41000,124000,26000,1900,1900,13000,3000,57,450,121,143,1,120,318,23,98,63,BASALT
81,1381,BOORABBIN,BOORABBIN,357443.7,6521448,51,5850,758,231.03,S,serpentinized,Peridotite,MJH,"MJ Hough PhD thesis, ANU, 1975",ANU,466000,1500,32000,8000,83000,1700,373000,27000,600,100,100,79000,8000,139,1776,18,2118,2,25,76,3,109,2,PERIDOTITE
1578,1416,WIDGIEMOOLTHA,WIDGIEMOOLTHA,358462,6526205,51,3303,583,177.69,CTS,chlorite tremolite schist,High-Mg Basalt,SPI,,ANU,448000,4500,101000,18000,119000,2500,220000,72000,6300,400,300,52000,2000,117,4012,20,802,2,14,165,9,267,25,HIGH MG BASALT
1017,36,NORSEMAN,NORSEMAN,383597.6,6436684,51,C111,600,182.88,U,uralitized,Basalt,JAH,JA Hallberg,UWA,529000,8800,149000,10000,83000,2000,54000,107000,38000,1600,1200,12000,1000,59,325,130,166,9,112,302,17,141,53,BASALT
1050,69,NORSEMAN,NORSEMAN,385056.2,6437378,51,C54,600,182.88,R,recrystallized,Dolerite,JAH,JA Hallberg,UWA,517000,7500,142000,9000,94000,1900,79000,96000,29000,1000,1300,12000,0.01,58,295,202,157,1,120,271,21,95,50,DOLERITE
1076,95,NORSEMAN,NORSEMAN,385501.3,6437383,51,C60,600,182.88,U,uralitized,Basalt,JAH,JA Hallberg,UWA,488000,9100,153000,9000,108000,2200,80000,88000,36000,1800,1500,13000,1000,67,385,132,144,5,75,387,25,123,67,BASALT
1466,1295,WIDGIEMOOLTHA,WIDGIEMOOLTHA,360698.9,6518936,51,4147,605,184.4,R,recrystallized,Basalt,MJH,"MJ Hough PhD thesis, ANU, 1975",ANU,515000,6900,149000,22000,80000,1500,92000,105000,24000,2800,400,21000,1000,59,460,37,95,50,188,227,12,85,34,BASALT
1564,1402,WIDGIEMOOLTHA,WIDGIEMOOLTHA,360667.4,6515363,51,5893,608,185.31,CTS,chlorite tremolite schist,High-Mg Basalt,MJH,"MJ Hough PhD thesis, ANU, 1975",ANU,483000,3000,72000,14000,92000,1900,229000,90000,5100,800,300,51000,3000,121,3771,72,1321,6,29,132,8,142,17,HIGH MG BASALT
129,998,COOLGARDIE,KALGOORLIE,318564,6563076,51,MD3B,615,187.45,U,uralitized,Basalt,JAH,JA Hallberg,CSIR,501000,6200,146000,22000,89000,2000,78000,128000,16600,900,1300,13000,0.01,63,308,74,153,1,109,168,17,85,40,BASALT
1594,1439,WIDGIEMOOLTHA,WIDGIEMOOLTHA,358462,6526205,51,3303,619,188.67,R,recrystallized,High-Mg Basalt,MJH,"MJ Hough PhD thesis, ANU, 1975",ANU,488000,4600,101000,11000,107000,2100,164000,92000,21800,5700,300,26000,2000,96,2067,10,467,53,26,185,10,238,25,HIGH MG BASALT
1590,1434,WIDGIEMOOLTHA,WIDGIEMOOLTHA,358462,6526205,51,3303,624,190.19,R,recrystallized,High-Mg Basalt,MJH,"MJ Hough PhD thesis, ANU, 1975",ANU,505000,4800,111000,17000,91000,2000,136000,96000,32800,2200,300,15000,2000,71,1187,35,184,16,144,195,11,180,26,HIGH MG BASALT
168,1484,CUE,CUE,590784.1,7013164,50,,-9999,-9999,U,uralitized,Basalt,JAH,JA Hallberg,CSIR,491000,12700,142000,27000,111000,2100,65000,115000,19000,1400,1700,14000,0.01,80,183,162,140,3,110,329,19,100,79,BASALT
169,1485,CUE,CUE,590501.8,7012243,50,,-9999,-9999,R,recrystallized,Basalt,JAH,JA Hallberg,CSIR,502000,19000,148000,27000,97000,2800,47000,101000,24700,1800,1300,24000,2000,77,183,263,114,6,125,398,30,100,125,BASALT
172,1488,CUE,CUE,559044.5,7015661,50,,-9999,-9999,F,fresh,Dolerite,JAH,JA Hallberg,CSIR,511000,12900,152000,33000,77000,1600,69000,89000,19400,7100,3000,23000,0.01,63,268,65,147,21,145,265,20,98,95,DOLERITE
173,1489,CUE,CUE,566112,7012426,50,,-9999,-9999,EU,epidotized; uralitized,Basalt,JAH,JA Hallberg,CSIR,535000,5600,148000,21000,63000,1800,81000,94000,18800,3700,1000,28000,0.01,60,353,70,200,13,182,168,11,58,73,BASALT
174,1490,CUE,CUE,566643,7013808,50,,-9999,-9999,PU,porphyritic; uralitized,Basalt,JAH,JA Hallberg,CSIR,565000,7800,146000,22000,55000,1500,52000,95000,23900,6100,1100,20000,0.01,59,171,100,98,25,119,217,16,60,116,BASALT
175,1491,CUE,CUE,577299.8,6972391,50,,-9999,-9999,U,uralitized,Basalt,JAH,JA Hallberg,CSIR,505000,9300,130000,26000,85000,2000,88000,108000,16700,600,1300,24000,0.01,86,469,73,150,3,109,277,14,78,50,BASALT
176,1492,CUE,CUE,576115.7,6971937,50,,-9999,-9999,U,uralitized,Basalt,JAH,JA Hallberg,CSIR,504000,17100,134000,40000,105000,2000,56000,91000,28200,1700,1800,14000,0.01,72,64,75,118,2,149,404,35,105,117,BASALT
178,1539,CUE,CUE,606051.3,7009536,50,,-9999,-9999,R,recrystallized,Basalt,JAH,JA Hallberg,CSIR,498000,8100,145000,25000,90000,1900,76000,119000,18500,1100,1700,13000,0.01,62,203,110,132,4,170,323,14,62,48,BASALT
189,1685,CUE,CUE,587518.5,6995586,50,,-9999,-9999,U,uralitized,High-Mg Basalt,JAH,JA Hallberg,CSIR,525000,5300,120000,25000,72000,1600,90000,112000,18600,700,400,23000,1000,65,854,89,143,3,189,221,13,55,53,HIGH MG BASALT
190,1686,CUE,CUE,593754.6,6994002,50,,-9999,-9999,U,uralitized,Basalt,JAH,JA Hallberg,CSIR,533000,7500,158000,35000,80000,1500,39000,75000,38300,2900,800,22000,3000,60,14,73,53,7,195,260,29,75,67,BASALT
191,1687,CUE,CUE,620163.4,7018425,50,,-9999,-9999,CTS,chlorite tremolite schist,High-Mg Basalt,JAH,JA Hallberg,CSIR,490000,2400,85000,15000,91000,1700,177000,75000,2700,400,100,50000,0.01,90,1308,30,590,2,17,162,11,80,7,HIGH MG BASALT
1565,1403,WIDGIEMOOLTHA,WIDGIEMOOLTHA,360667.4,6515363,51,5893,633,192.93,CTS,chlorite tremolite schist,High-Mg Basalt,MJH,"MJ Hough PhD thesis, ANU, 1975",ANU,491000,3200,62000,14000,91000,2000,242000,86000,2900,300,100,53000,1000,132,2662,95,1373,2,35,126,7,112,16,HIGH MG BASALT
1068,87,NORSEMAN,NORSEMAN,385422.7,6437382,51,C59,650,198.12,U,uralitized,Dolerite,JAH,JA Hallberg,UWA,497000,10900,146000,16000,105000,2200,78000,111000,25000,1700,2200,10000,0.01,49,260,109,154,1,81,274,25,110,70,DOLERITE
1018,37,NORSEMAN,NORSEMAN,383597.6,6436684,51,C111,700,213.36,U,uralitized,Basalt,JAH,JA Hallberg,UWA,506000,9300,153000,15000,96000,2200,66000,112000,31000,2400,1700,12000,0.01,60,345,104,157,12,101,336,20,149,57,BASALT
1077,96,NORSEMAN,NORSEMAN,385501.3,6437383,51,C60,700,213.36,U,uralitized,Basalt,JAH,JA Hallberg,UWA,517000,8500,152000,13000,93000,2100,61000,101000,37000,1900,1500,10000,3000,62,365,124,149,11,93,369,24,129,49,BASALT
1108,127,NORSEMAN,NORSEMAN,386896.3,6436752,51,S49,700,213.36,R,recrystallized,Basalt,JAH,JA Hallberg,UWA,550000,10200,127000,17000,103000,3000,61000,95000,23000,1900,1500,8000,0.01,55,270,19,116,1,79,101,19,122,61,BASALT
1467,1296,WIDGIEMOOLTHA,WIDGIEMOOLTHA,360698.9,6518936,51,4147,709,216.1,R,recrystallized,Basalt,MJH,"MJ Hough PhD thesis, ANU, 1975",ANU,543000,7100,143000,18000,66000,1900,70000,118000,29700,900,600,13000,2000,50,345,54,89,8,157,225,14,83,39,BASALT
130,999,COOLGARDIE,KALGOORLIE,318564,6563076,51,MD3B,715,217.93,U,uralitized,Basalt,JAH,JA Hallberg,CSIR,536000,6600,153000,23000,76000,1800,58000,115000,15100,1000,1200,14000,0.01,73,305,68,122,8,115,194,28,78,47,BASALT
131,1000,COOLGARDIE,KALGOORLIE,318564,6563076,51,MD3B,715,217.93,U,uralitized,Basalt,JAH,JA Hallberg,CSIR,517000,6700,156000,26000,84000,1900,62000,115000,18700,1000,1300,13000,0.01,62,305,70,118,8,113,192,21,81,49,BASALT
1595,1440,WIDGIEMOOLTHA,WIDGIEMOOLTHA,358462,6526205,51,3303,732,223.11,R,recrystallized,High-Mg Basalt,MJH,"MJ Hough PhD thesis, ANU, 1975",ANU,484000,4500,85000,18000,102000,2300,2.00E+05,83000,13600,2500,300,39000,0.01,112,2755,2,884,18,24,173,8,141,23,HIGH MG BASALT
1589,1433,WIDGIEMOOLTHA,WIDGIEMOOLTHA,358462,6526205,51,3303,785,239.26,R,recrystallized,High-Mg Basalt,MJH,"MJ Hough PhD thesis, ANU, 1975",ANU,502000,5600,111000,24000,94000,2200,132000,91000,31400,4000,300,17000,1000,88,1058,19,271,11,69,203,12,204,32,HIGH MG BASALT
1019,38,NORSEMAN,NORSEMAN,383597.6,6436684,51,C111,800,243.84,U,uralitized,Dolerite,JAH,JA Hallberg,UWA,526000,9600,145000,15000,95000,2200,74000,113000,24000,1600,1500,10000,0.01,52,265,144,112,10,104,265,30,107,61,DOLERITE
1078,97,NORSEMAN,NORSEMAN,385501.3,6437383,51,C60,800,243.84,U,uralitized,Basalt,JAH,JA Hallberg,UWA,479000,10700,165000,18000,111000,2200,70000,94000,38000,2200,1500,14000,1000,71,470,52,155,11,72,448,25,141,59,BASALT
269,1867,HYDEN,HYDEN,759331.3,6436962,50,,-9999,-9999,R,recrystallized,Basalt,JAH,JA Hallberg,CSIR,515000,5300,135000,21000,77000,1700,86000,124000,16700,700,300,14000,0.01,80,347,21,145,3,74,263,19,62,25,BASALT
271,1869,HYDEN,HYDEN,760074.1,6419988,50,,-9999,-9999,R,recrystallized,Basalt,JAH,JA Hallberg,CSIR,523000,6700,124000,24000,78000,2000,88000,114000,18600,800,400,13000,1000,65,529,40,145,4,121,280,14,50,37,BASALT
272,1870,HYDEN,HYDEN,763145.4,6419322,50,,-9999,-9999,U,uralitized,Dolerite,JAH,JA Hallberg,CSIR,516000,13800,137000,42000,99000,2200,52000,80000,35000,1600,1000,14000,0.01,89,94,61,82,3,128,361,33,108,86,DOLERITE
273,1871,HYDEN,HYDEN,763059.7,6419047,50,,-9999,-9999,U,uralitized,Dolerite,JAH,JA Hallberg,CSIR,501000,9800,141000,30000,95000,2100,70000,110000,19400,1700,800,14000,2000,72,175,40,128,3,99,324,25,75,52,DOLERITE
275,1043,JACKSON,JACKSON,688987.4,6600185,50,,-9999,-9999,R,recrystallized,Basalt,JAH,JA Hallberg,CSIR,515000,6000,143000,17000,71000,2100,79000,128000,23800,400,1000,13000,0.01,58,259,79,128,3,98,262,20,76,43,BASALT
277,1045,JACKSON,JACKSON,688989,6600277,50,,-9999,-9999,R,recrystallized,Basalt,JAH,JA Hallberg,CSIR,511000,5600,137000,25000,80000,1800,88000,120000,18500,600,500,10000,0.01,28,218,35,122,5,56,231,22,68,38,BASALT
278,1046,JACKSON,JACKSON,688881,6600187,50,,-9999,-9999,R,recrystallized,Basalt,JAH,JA Hallberg,CSIR,523000,4800,145000,26000,69000,1500,85000,97000,16800,1300,700,18000,0.01,44,221,78,71,1,75,219,17,70,38,BASALT
279,1047,JACKSON,JACKSON,688881,6600187,50,,-9999,-9999,R,recrystallized,Basalt,JAH,JA Hallberg,CSIR,504000,4600,142000,22000,78000,1300,107000,107000,12800,500,700,18000,0.01,36,354,80,116,8,72,272,26,91,39,BASALT
280,1048,JACKSON,JACKSON,688801.2,6600188,50,,-9999,-9999,R,recrystallized,Basalt,JAH,JA Hallberg,CSIR,515000,5100,142000,28000,70000,1700,88000,111000,15700,1100,300,11000,0.01,42,242,78,103,2,114,250,18,74,34,BASALT
283,1051,JACKSON,JACKSON,688054.7,6600109,50,,-9999,-9999,R,recrystallized,Dolerite,JAH,JA Hallberg,CSIR,485000,4300,125000,17000,90000,2000,133000,94000,16700,400,700,30000,1000,42,883,77,346,2,80,239,16,87,30,DOLERITE
1551,1385,WIDGIEMOOLTHA,WIDGIEMOOLTHA,360667.4,6515363,51,5893,820,249.93,,,Spinel Peridotite,MJ,"M James BSc Hons thesis, UWA, 1970",ANU,472000,2600,41000,13000,84000,1400,324000,53000,2400,200,100,60000,3000,138,2048,95,2045,4,24,101,7,128,7,SPIN PERIDOTITE
1585,1423,WIDGIEMOOLTHA,WIDGIEMOOLTHA,358462,6526205,51,3303,853,259.99,CTS,chlorite tremolite schist,High-Mg Basalt,MJH,"MJ Hough PhD thesis, ANU, 1975",ANU,444000,5600,106000,18000,120000,2100,219000,70000,4300,1100,400,57000,10000,102,2440,111,620,3,14,226,11,503,29,HIGH MG BASALT
1552,1386,WIDGIEMOOLTHA,WIDGIEMOOLTHA,360667.4,6515363,51,5893,858,261.51,,,Spinel Peridotite,MJ,"M James BSc Hons thesis, UWA, 1970",ANU,449000,2800,57000,13000,86000,1800,341000,42000,2000,100,100,63000,2000,143,2224,41,1855,2,21,99,6,83,13,SPIN PERIDOTITE
1534,1366,WIDGIEMOOLTHA,WIDGIEMOOLTHA,358740.7,6525131,51,5821,880,268.22,S,serpentinized,Peridotite,MJH,"MJ Hough PhD thesis, ANU, 1975",ANU,469000,1000,21000,7000,68000,1200,392000,36000,300,100,100,79000,6000,115,1577,16,1789,2,39,52,3,165,4,PERIDOTITE
1020,39,NORSEMAN,NORSEMAN,383597.6,6436684,51,C111,900,274.32,U,uralitized,Dolerite,JAH,JA Hallberg,UWA,528000,9100,161000,7000,73000,2300,67000,117000,23000,1300,1400,7000,0.01,52,275,38,179,5,115,261,17,97,55,DOLERITE
1079,98,NORSEMAN,NORSEMAN,385501.3,6437383,51,C60,900,274.32,U,uralitized,Basalt,JAH,JA Hallberg,UWA,534000,8500,148000,11000,74000,1900,46000,132000,17000,1100,1700,11000,12000,57,490,109,148,1,90,306,22,90,49,BASALT
1498,1330,WIDGIEMOOLTHA,WIDGIEMOOLTHA,360488.9,6514899,51,5897,906,276.14,S,serpentinized,Peridotite,MJH,"MJ Hough PhD thesis, ANU, 1975",ANU,469000,300,11000,7000,69000,1900,408000,29000,500,100,100,95000,10000,116,625,2,785,2,20,32,5,143,3,PERIDOTITE
1588,1432,WIDGIEMOOLTHA,WIDGIEMOOLTHA,360667.4,6515363,51,5846,993,302.66,R,recrystallized,High-Mg Basalt,MJH,"MJ Hough PhD thesis, ANU, 1975",ANU,501000,6400,115000,24000,95000,1900,114000,104000,34800,1400,600,18000,0.01,78,964,3,177,5,70,225,14,142,36,HIGH MG BASALT
126,995,COOLGARDIE,KALGOORLIE,318564,6563076,51,MD2B,995,303.27,U,uralitized,Basalt,JAH,JA Hallberg,CSIR,493000,5200,117000,26000,93000,2400,117000,110000,19700,1000,1400,17000,2000,70,585,38,367,1,82,168,20,144,39,BASALT
127,996,COOLGARDIE,KALGOORLIE,318564,6563076,51,MD2B,995,303.27,U,uralitized,Basalt,JAH,JA Hallberg,CSIR,528000,6600,154000,16000,66000,1600,73000,1.00E+05,36800,800,1600,12000,4000,48,310,1,143,1,199,192,17,113,56,BASALT
1021,40,NORSEMAN,NORSEMAN,383597.6,6436684,51,C111,1000,304.8,RB,recrystallized; biotite,Basalt,JAH,JA Hallberg,UWA,492000,8300,153000,12000,97000,1800,83000,93000,34000,5100,1400,13000,1000,57,385,114,187,55,260,375,26,110,69,BASALT
1080,99,NORSEMAN,NORSEMAN,385501.3,6437383,51,C60,1000,304.8,U,uralitized,Dolerite,JAH,JA Hallberg,UWA,494000,10600,143000,19000,108000,1800,76000,114000,21000,500,1000,10000,0.01,62,260,119,155,5,94,318,26,116,69,DOLERITE
1468,1297,WIDGIEMOOLTHA,WIDGIEMOOLTHA,360698.9,6518936,51,4147,1043,317.9,R,recrystallized,Basalt,MJH,"MJ Hough PhD thesis, ANU, 1975",ANU,529000,7800,146000,23000,83000,1800,71000,119000,15000,3500,700,18000,2000,52,270,69,53,51,124,263,17,89,45,BASALT
1566,1404,WIDGIEMOOLTHA,WIDGIEMOOLTHA,360667.4,6515363,51,5893,1068,325.52,CTS,chlorite tremolite schist,High-Mg Basalt,MJH,"MJ Hough PhD thesis, ANU, 1975",ANU,472000,3800,61000,14000,92000,1900,265000,80000,1400,100,200,54000,1000,123,3547,57,1348,2,21,116,7,295,22,HIGH MG BASALT
1022,41,NORSEMAN,NORSEMAN,383597.6,6436684,51,C111,1100,335.28,U,uralitized,Basalt,JAH,JA Hallberg,UWA,499000,10400,154000,12000,92000,1900,71000,111000,34000,4000,1700,10000,0.01,58,355,65,154,34,103,353,25,119,65,BASALT
1081,100,NORSEMAN,NORSEMAN,385501.3,6437383,51,C60,1100,335.28,U,uralitized,Basalt,JAH,JA Hallberg,UWA,504000,9200,152000,14000,96000,2300,73000,110000,31000,1700,1700,9000,0.01,68,395,103,150,7,96,318,28,117,55,BASALT
1082,101,NORSEMAN,NORSEMAN,385501.3,6437383,51,C60,1100,335.28,U,uralitized,Basalt,JAH,JA Hallberg,UWA,501000,9200,155000,16000,96000,2100,66000,112000,31000,1700,1000,9000,0.01,68,395,103,150,7,96,318,28,117,55,BASALT
1023,42,NORSEMAN,NORSEMAN,383597.6,6436684,51,C111,1200,365.76,U,uralitized,Basalt,JAH,JA Hallberg,UWA,490000,8500,149000,9000,98000,2200,80000,104000,37000,2000,1100,18000,1000,56,405,127,180,22,89,327,22,96,51,BASALT
1083,102,NORSEMAN,NORSEMAN,385501.3,6437383,51,C60,1200,365.76,U,uralitized,Basalt,JAH,JA Hallberg,UWA,509000,9000,151000,9000,80000,2600,57000,130000,23000,1500,1700,8000,11000,53,395,111,140,1,106,333,20,94,57,BASALT
1554,1388,WIDGIEMOOLTHA,WIDGIEMOOLTHA,360667.4,6515363,51,5893,1237,377.03,,,Spinel Peridotite,MJ,"M James BSc Hons thesis, UWA, 1970",ANU,472000,2500,49000,14000,90000,1600,320000,42000,300,100,200,61000,3000,122,2551,49,1518,4,23,116,6,153,12,SPIN PERIDOTITE
1567,1405,WIDGIEMOOLTHA,WIDGIEMOOLTHA,360667.4,6515363,51,5893,1265,385.57,CTS,chlorite tremolite schist,High-Mg Basalt,MJH,"MJ Hough PhD thesis, ANU, 1975",ANU,483000,3900,66000,14000,93000,1800,246000,79000,1300,300,300,58000,9000,121,2731,157,1170,2,16,143,8,393,25,HIGH MG BASALT
1024,43,NORSEMAN,NORSEMAN,383597.6,6436684,51,C111,1300,396.24,U,uralitized,Dolerite,JAH,JA Hallberg,UWA,498000,8700,151000,8000,102000,1600,86000,109000,22000,1700,1300,10000,1000,60,405,62,194,17,78,300,20,123,46,DOLERITE
1586,1430,WIDGIEMOOLTHA,WIDGIEMOOLTHA,360667.4,6515363,51,5893,1308,398.67,R,recrystallized,High-Mg Basalt,MJH,"MJ Hough PhD thesis, ANU, 1975",ANU,513000,6800,124000,24000,96000,2100,98000,93000,37400,1300,500,18000,3000,67,501,87,107,19,139,241,14,218,39,HIGH MG BASALT
132,1001,COOLGARDIE,KALGOORLIE,318564,6563076,51,MD3B,1315,400.81,U,uralitized,Basalt,JAH,JA Hallberg,CSIR,516000,6600,153000,24000,79000,1900,70000,111000,26600,800,1300,13000,0.01,48,281,77,159,1,88,182,12,87,43,BASALT
1568,1406,WIDGIEMOOLTHA,WIDGIEMOOLTHA,360667.4,6515363,51,5893,1333,406.29,CTS,chlorite tremolite schist,High-Mg Basalt,SPI,,ANU,432000,4700,104000,19000,128000,2100,205000,90000,5300,700,400,53000,7000,127,3909,8,464,3,28,213,10,258,23,HIGH MG BASALT
990,9,NORSEMAN,NORSEMAN,382969.2,6436677,51,C114,1350,411.48,U,uralitized,Basalt,JAH,JA Hallberg,UWA,556000,8400,163000,7000,68000,1900,47000,112000,30000,500,1200,6000,0.01,50,665,99,202,3,119,280,19,75,60,BASALT
1025,44,NORSEMAN,NORSEMAN,383597.6,6436684,51,C111,1400,426.72,U,uralitized,Basalt,JAH,JA Hallberg,UWA,524000,10500,162000,15000,85000,1900,51000,102000,39000,2600,1500,10000,0.01,57,380,168,205,15,145,368,28,113,65,BASALT
1085,104,NORSEMAN,NORSEMAN,385501.3,6437383,51,C60,1400,426.72,U,uralitized,Basalt,JAH,JA Hallberg,UWA,505000,9000,153000,9000,89000,2300,80000,1.00E+05,35000,1100,1500,9000,0.01,59,345,91,142,4,100,342,18,118,52,BASALT
1481,1313,WIDGIEMOOLTHA,WIDGIEMOOLTHA,360667.4,6515363,51,5893,1440,438.91,S,serpentinized,Peridotite,MJH,"MJ Hough PhD thesis, ANU, 1975",ANU,461000,1100,27000,7000,68000,1100,421000,6000,200,100,100,116000,7000,97,1881,47,2035,3,5,54,2,69,3,PERIDOTITE
991,10,NORSEMAN,NORSEMAN,382969.2,6436677,51,C114,1450,441.96,U,uralitized,Basalt,JAH,JA Hallberg,UWA,515000,9000,153000,10000,93000,2400,60000,119000,31000,2600,1500,11000,0.01,59,345,39,149,6,102,309,23,125,59,BASALT
1026,45,NORSEMAN,NORSEMAN,383597.6,6436684,51,C111,1500,457.2,U,uralitized,Basalt,JAH,JA Hallberg,UWA,491000,10200,153000,9000,102000,2000,77000,111000,30000,2500,1300,12000,0.01,59,320,93,162,18,90,356,25,108,63,BASALT
992,11,NORSEMAN,NORSEMAN,382969.2,6436677,51,C114,1550,472.44,U,uralitized,Basalt,JAH,JA Hallberg,UWA,529000,9600,156000,11000,86000,2200,62000,108000,24000,3400,1500,9000,0.01,61,370,134,177,35,101,324,22,104,58,BASALT
1027,46,NORSEMAN,NORSEMAN,383597.6,6436684,51,C111,1600,487.68,U,uralitized,Basalt,JAH,JA Hallberg,UWA,508000,10100,157000,15000,89000,2500,53000,117000,24000,2700,1400,13000,0.01,51,415,39,154,13,90,317,21,139,59,BASALT
1486,1318,WIDGIEMOOLTHA,WIDGIEMOOLTHA,360667.4,6515363,51,5893,1644,501.09,S,serpentinized,Peridotite,MJH,"MJ Hough PhD thesis, ANU, 1975",ANU,443000,700,26000,8000,81000,1200,418000,12000,100,100,100,122000,3000,172,1893,142,3628,2,2,54,2,165,6,PERIDOTITE
1569,1407,WIDGIEMOOLTHA,WIDGIEMOOLTHA,360667.4,6515363,51,5893,1837,559.91,CTS,chlorite tremolite schist,High-Mg Basalt,SPI,,ANU,468000,4100,73000,17000,104000,1800,242000,79000,700,200,400,62000,1000,112,2853,100,810,2,6,155,8,341,18,HIGH MG BASALT
1490,1322,WIDGIEMOOLTHA,WIDGIEMOOLTHA,360667.4,6515363,51,5893,1872,570.58,S,serpentinized,Peridotite,MJH,"MJ Hough PhD thesis, ANU, 1975",ANU,448000,1600,55000,8000,80000,1800,372000,29000,200,100,100,105000,2000,94,1342,22,1207,3,6,109,4,267,8,PERIDOTITE
1570,1408,WIDGIEMOOLTHA,WIDGIEMOOLTHA,360667.4,6515363,51,5893,1883,573.93,CTS,chlorite tremolite schist,High-Mg Basalt,SPI,,ANU,498000,2900,52000,12000,82000,1500,254000,88000,600,100,300,53000,4000,75,2090,98,914,2,6,108,7,196,14,HIGH MG BASALT
1491,1323,WIDGIEMOOLTHA,WIDGIEMOOLTHA,360667.4,6515363,51,5893,1916,583.99,S,serpentinized,Peridotite,MJH,"MJ Hough PhD thesis, ANU, 1975",ANU,459000,2400,52000,9000,92000,1800,340000,36000,200,100,100,81000,3000,128,2210,38,1803,3,11,112,5,253,12,PERIDOTITE
1492,1324,WIDGIEMOOLTHA,WIDGIEMOOLTHA,360667.4,6515363,51,5893,1936,590.09,S,serpentinized,Peridotite,MJH,"MJ Hough PhD thesis, ANU, 1975",ANU,439000,1600,40000,10000,99000,1800,390000,13000,100,100,100,95000,4000,109,2081,7,1460,3,4,85,3,282,7,PERIDOTITE
996,15,NORSEMAN,NORSEMAN,382969.2,6436677,51,C114,1950,594.36,U,uralitized,Basalt,JAH,JA Hallberg,UWA,518000,9000,157000,10000,85000,2300,72000,114000,25000,2400,1500,7000,0.01,56,465,148,188,14,111,313,23,102,53,BASALT
1571,1409,WIDGIEMOOLTHA,WIDGIEMOOLTHA,360667.4,6515363,51,5893,1994,607.77,CTS,chlorite tremolite schist,High-Mg Basalt,MJH,"MJ Hough PhD thesis, ANU, 1975",ANU,494000,2000,55000,13000,88000,1900,237000,93000,1300,300,200,50000,8000,107,2267,145,1355,3,7,126,8,446,10,HIGH MG BASALT
1031,50,NORSEMAN,NORSEMAN,383597.6,6436684,51,C111,2000,609.6,U,uralitized,Basalt,JAH,JA Hallberg,UWA,537000,10700,163000,7000,85000,2300,46000,117000,18000,2000,1300,10000,0.01,51,545,93,155,3,104,331,24,109,66,BASALT
1572,1410,WIDGIEMOOLTHA,WIDGIEMOOLTHA,360667.4,6515363,51,5893,2019,615.39,CTS,chlorite tremolite schist,High-Mg Basalt,MJH,"MJ Hough PhD thesis, ANU, 1975",ANU,504000,2600,54000,13000,86000,2400,211000,107000,3500,500,300,44000,8000,110,2691,130,1245,5,6,116,6,556,15,HIGH MG BASALT
997,16,NORSEMAN,NORSEMAN,382969.2,6436677,51,C114,2050,624.84,U,uralitized,Basalt,JAH,JA Hallberg,UWA,521000,9500,162000,12000,85000,1900,59000,114000,28000,2000,1400,8000,0.01,64,455,297,200,7,105,330,24,121,62,BASALT
1032,51,NORSEMAN,NORSEMAN,383597.6,6436684,51,C111,2100,640.08,U,uralitized,Basalt,JAH,JA Hallberg,UWA,528000,10100,149000,12000,90000,2200,55000,123000,12000,2000,1300,9000,1000,59,390,126,154,8,80,303,21,92,61,BASALT
1090,109,NORSEMAN,NORSEMAN,385501.3,6437383,51,C60,2100,640.08,U,uralitized,Basalt,JAH,JA Hallberg,UWA,492000,9400,154000,27000,82000,2300,79000,99000,40000,2200,1500,11000,0.01,62,295,69,146,15,85,334,23,103,59,BASALT
998,17,NORSEMAN,NORSEMAN,382969.2,6436677,51,C114,2150,655.32,U,uralitized,Basalt,JAH,JA Hallberg,UWA,519000,9500,164000,11000,77000,2100,62000,120000,29000,1900,1700,7000,0.01,57,440,188,196,4,137,310,24,112,59,BASALT
1091,110,NORSEMAN,NORSEMAN,385501.3,6437383,51,C60,2200,670.56,U,uralitized,Basalt,JAH,JA Hallberg,UWA,531000,10200,156000,19000,90000,2200,54000,103000,34000,800,1000,7000,0.01,64,355,106,152,6,86,337,25,109,58,BASALT
999,18,NORSEMAN,NORSEMAN,382969.2,6436677,51,C114,2250,685.8,U,uralitized,Dolerite,JAH,JA Hallberg,UWA,512000,7500,147000,9000,93000,2600,84000,118000,19000,2400,1400,9000,0.01,57,445,131,143,25,70,290,21,93,44,DOLERITE
1034,53,NORSEMAN,NORSEMAN,383597.6,6436684,51,C111,2300,701.04,U,uralitized,Basalt,JAH,JA Hallberg,UWA,547000,9600,154000,16000,82000,2300,42000,114000,23000,2000,1600,8000,0.01,58,345,130,148,9,138,333,22,112,63,BASALT
1092,111,NORSEMAN,NORSEMAN,385501.3,6437383,51,C60,2300,701.04,U,uralitized,Basalt,JAH,JA Hallberg,UWA,514000,10300,154000,16000,87000,2400,53000,99000,36000,1300,900,15000,0.01,60,410,100,145,1,100,276,22,101,53,BASALT
1001,20,NORSEMAN,NORSEMAN,382969.2,6436677,51,C114,2450,746.76,U,uralitized,Basalt,JAH,JA Hallberg,UWA,494000,8800,151000,9000,98000,2400,85000,120000,19000,3000,1400,10000,0.01,62,430,69,184,37,83,313,25,99,53,BASALT
1005,24,NORSEMAN,NORSEMAN,382969.2,6436677,51,C114,2850,868.68,U,uralitized,Basalt,JAH,JA Hallberg,UWA,509000,8100,149000,11000,95000,2100,78000,104000,33000,2500,1200,8000,0.01,63,345,113,174,23,111,310,23,96,54,BASALT
1,1053,BARLEE,BARLEE,722672.6,6712875,50,,-9999,-9999,U,uralitized,Basalt,JAH,JA Hallberg,CSIR,518000,6700,138000,39000,83000,1900,64000,83000,31500,500,500,28000,4000,46,46,105,67,8,56,298,28,109,41,BASALT
2,1054,BARLEE,BARLEE,722674.4,6712968,50,,-9999,-9999,EU,epidotized; uralitized,Basalt,JAH,JA Hallberg,CSIR,517000,5800,140000,31000,76000,1800,74000,98000,23900,2300,800,23000,4000,54,105,96,106,15,120,230,23,79,45,BASALT
3,1055,BARLEE,BARLEE,722676.3,6713060,50,,-9999,-9999,EU,epidotized; uralitized,Basalt,JAH,JA Hallberg,CSIR,538000,4400,124000,31000,62000,1800,81000,116000,12400,100,300,25000,2000,58,340,65,103,17,36,182,11,84,29,BASALT
4,1056,BARLEE,BARLEE,722679.9,6713245,50,,-9999,-9999,E,epidotized,Basalt,JAH,JA Hallberg,CSIR,509000,5400,142000,39000,61000,1900,71000,106000,35400,800,700,17000,2000,24,243,60,79,3,59,186,25,41,42,BASALT
5,1057,BARLEE,BARLEE,722683.6,6713429,50,,-9999,-9999,U,uralitized,Basalt,JAH,JA Hallberg,CSIR,506000,5700,144000,28000,78000,2000,76000,1.00E+05,30300,1300,600,19000,0.01,33,214,110,140,1,146,257,30,61,53,BASALT
6,1058,BARLEE,BARLEE,722685.5,6713522,50,,-9999,-9999,U,uralitized,Basalt,JAH,JA Hallberg,CSIR,504000,5900,145000,20000,87000,1900,83000,89000,33300,4700,800,23000,4000,46,225,114,139,22,160,271,30,69,50,BASALT
10,1061,BARLEE,BARLEE,722617.7,6714170,50,,-9999,-9999,U,uralitized,Basalt,JAH,JA Hallberg,CSIR,506000,5700,143000,24000,83000,1800,79000,97000,32700,1800,600,26000,1000,57,217,90,127,4,146,234,26,87,45,BASALT
15,1066,BARLEE,BARLEE,722087.3,6714550,50,,-9999,-9999,U,uralitized,Basalt,JAH,JA Hallberg,CSIR,525000,5700,129000,27000,66000,2000,86000,115000,28900,1100,600,17000,0.01,45,349,98,113,3,67,185,15,71,41,BASALT
16,1067,BARLEE,BARLEE,722087.3,6714550,50,,-9999,-9999,EU,epidotized; uralitized,Basalt,JAH,JA Hallberg,CSIR,510000,5500,127000,25000,65000,1800,81000,143000,16400,700,600,21000,4000,46,331,30,114,9,102,197,20,67,43,BASALT
25,1136,BARLEE,BARLEE,721189.5,6715400,50,,-9999,-9999,VR,variolitic; recrystallized,Basalt,JAH,JA Hallberg,CSIR,565000,8900,107000,22000,70000,1700,74000,90000,32600,2300,1100,16000,0.01,40,502,30,88,5,92,285,23,50,79,BASALT
26,1137,BARLEE,BARLEE,719363.4,6715559,50,,-9999,-9999,U,uralitized,Basalt,JAH,JA Hallberg,CSIR,527000,11200,126000,26000,87000,1800,76000,73000,54700,1300,1300,18000,0.01,50,356,61,118,3,287,300,22,80,99,BASALT
27,1138,BARLEE,BARLEE,709708.7,6714235,50,,-9999,-9999,PIN,,High-Mg Basalt,JAH,JA Hallberg,CSIR,542000,6200,117000,23000,80000,1800,91000,105000,16500,1300,900,16000,0.01,68,606,56,120,3,94,270,22,63,68,HIGH MG BASALT
29,1140,BARLEE,BARLEE,709477.2,6720553,50,,-9999,-9999,U,uralitized,High-Mg Basalt,JAH,JA Hallberg,CSIR,506000,5000,96000,18000,81000,2200,147000,122000,6500,3500,800,26000,0.01,59,1512,119,210,18,57,219,13,61,42,HIGH MG BASALT
31,1142,BARLEE,BARLEE,707027.1,6723401,50,,-9999,-9999,U,uralitized,High-Mg Basalt,JAH,JA Hallberg,CSIR,522000,6200,122000,37000,71000,1600,82000,129000,7200,1600,1000,20000,0.01,50,614,32,122,7,161,290,21,60,56,HIGH MG BASALT
37,1148,BARLEE,BARLEE,754297.8,6727976,50,,-9999,-9999,U,uralitized,High-Mg Basalt,JAH,JA Hallberg,CSIR,482000,3800,90000,16000,85000,1800,191000,77000,14000,1100,600,35000,0.01,77,1854,18,560,2,73,198,11,70,33,HIGH MG BASALT
40,1151,BARLEE,BARLEE,757348.4,6755513,50,,-9999,-9999,U,uralitized,Basalt,JAH,JA Hallberg,CSIR,542000,5900,118000,23000,77000,1600,91000,76000,35300,2400,500,28000,0.01,50,675,38,122,3,208,252,13,60,43,BASALT
42,1153,BARLEE,BARLEE,757570.2,6756956,50,,-9999,-9999,U,uralitized,High-Mg Basalt,JAH,JA Hallberg,CSIR,502000,4300,104000,21000,79000,1900,151000,81000,16700,3500,800,41000,0.01,60,1449,27,300,10,109,215,10,62,42,HIGH MG BASALT
43,1154,BARLEE,BARLEE,760576.7,6756148,50,,-9999,-9999,U,uralitized,Dolerite,JAH,JA Hallberg,CSIR,541000,7500,155000,15000,76000,2000,70000,80000,38400,4400,2100,16000,0.01,40,213,32,87,15,299,224,13,62,106,DOLERITE
44,1155,BARLEE,BARLEE,756330.6,6758278,50,,-9999,-9999,U,uralitized,High-Mg Basalt,JAH,JA Hallberg,CSIR,509000,4200,109000,17000,77000,2200,132000,126000,8700,1600,1000,22000,0.01,49,1447,49,223,7,113,203,10,51,42,HIGH MG BASALT
45,1156,BARLEE,BARLEE,778788.4,6700954,50,,-9999,-9999,U,uralitized,High-Mg Basalt,JAH,JA Hallberg,CSIR,531000,5700,125000,22000,67000,2400,98000,107000,24300,1500,500,19000,0.01,50,1034,41,139,6,103,264,68,40,57,HIGH MG BASALT
48,1169,BARLEE,BARLEE,705181.7,6688970,50,,-9999,-9999,R,recrystallized,Basalt,JAH,JA Hallberg,CSIR,521000,9200,125000,29000,87000,2100,83000,85000,27900,2900,2400,18000,0.01,37,671,9,168,13,923,220,168,66,132,BASALT
49,1170,BARLEE,BARLEE,720416,6698042,50,,-9999,-9999,F,fresh,Basalt,JAH,JA Hallberg,CSIR,530000,6900,139000,27000,87000,1800,68000,82000,18200,1700,1500,28000,2000,59,23,70,82,3,104,298,20,68,56,BASALT
50,1171,BARLEE,BARLEE,721132.5,6700307,50,,-9999,-9999,EU,epidotized; uralitized,Basalt,JAH,JA Hallberg,CSIR,524000,5700,150000,14000,38000,2100,63000,142000,33600,6900,1000,18000,4000,42,192,18,122,20,251,247,21,22,49,BASALT
54,1467,BELELE,BELELE,606085.8,7076339,50,,-9999,-9999,R,recrystallized,Basalt,JAH,JA Hallberg,CSIR,507000,5500,123000,19000,76000,1700,107000,122000,16300,2400,800,19000,0.01,56,563,60,129,10,146,232,9,47,32,BASALT
55,1468,BELELE,BELELE,601912.1,7074034,50,,-9999,-9999,R,recrystallized,Basalt,JAH,JA Hallberg,CSIR,515000,5500,126000,23000,71000,1900,1.00E+05,124000,17100,2100,1300,15000,2000,49,556,32,111,7,117,229,10,41,27,BASALT
56,1469,BELELE,BELELE,601617.5,7075298,50,,-9999,-9999,R,recrystallized,Basalt,JAH,JA Hallberg,CSIR,517000,10300,102000,25000,96000,2000,93000,108000,22300,2100,2300,16000,0.01,60,652,91,199,4,153,311,17,69,84,BASALT
57,1470,BELELE,BELELE,630163.5,7036051,50,,-9999,-9999,,,High-Mg Basalt,JAH,JA Hallberg,CSIR,501000,4600,93000,32000,67000,2400,122000,149000,3400,5200,1100,18000,3000,50,1206,12,178,14,93,260,13,41,29,HIGH MG BASALT
58,1476,BELELE,BELELE,636752.9,7081403,50,,-9999,-9999,EU,epidotized; uralitized,Basalt,JAH,JA Hallberg,CSIR,558000,6700,139000,27000,60000,1700,58000,99000,25700,3600,1000,20000,0.01,70,24,57,200,13,139,266,26,51,65,BASALT
59,1477,BELELE,BELELE,636952.3,7079308,50,,-9999,-9999,U,uralitized,Basalt,JAH,JA Hallberg,CSIR,522000,6700,139000,28000,87000,2200,59000,1.00E+05,18600,5800,1800,28000,0.01,89,19,88,209,22,117,266,19,78,61,BASALT
60,1478,BELELE,BELELE,635690.5,7075291,50,,-9999,-9999,EU,epidotized; uralitized,Basalt,JAH,JA Hallberg,CSIR,531000,5800,141000,27000,72000,2000,67000,1.00E+05,21500,4700,1300,24000,0.01,61,144,63,211,16,108,232,15,59,54,BASALT
61,1479,BELELE,BELELE,636050.6,7075287,50,,-9999,-9999,EU,epidotized; uralitized,Basalt,JAH,JA Hallberg,CSIR,530000,5600,141000,28000,72000,2000,69000,104000,19200,4900,1800,25000,0.01,59,138,80,170,24,116,228,10,58,46,BASALT
62,1480,BELELE,BELELE,636244.5,7075285,50,,-9999,-9999,U,uralitized,Basalt,JAH,JA Hallberg,CSIR,550000,6300,136000,25000,69000,2000,65000,94000,28400,4700,2200,20000,0.01,57,93,70,110,18,107,244,20,51,54,BASALT
63,1481,BELELE,BELELE,636524.5,7075559,50,,-9999,-9999,EU,epidotized; uralitized,Dolerite,JAH,JA Hallberg,CSIR,531000,5900,140000,29000,75000,1800,65000,1.00E+05,19400,6400,2500,24000,2000,65,32,88,118,25,115,243,13,54,52,DOLERITE
89,1427,BOORABBIN,BOORABBIN,357471.5,6519416,51,,-9999,-9999,R,recrystallized,High-Mg Basalt,MJH,"MJ Hough PhD thesis, ANU, 1975",ANU,496000,7700,144000,26000,104000,1800,79000,89000,47000,3900,100,17000,0.01,67,77,6,41,14,126,259,15,295,43,HIGH MG BASALT
90,1428,BOORABBIN,BOORABBIN,357471.5,6519416,51,,-9999,-9999,R,recrystallized,High-Mg Basalt,MJH,"MJ Hough PhD thesis, ANU, 1975",ANU,530000,7200,134000,22000,90000,1500,88000,78000,47300,1100,100,18000,1000,61,475,59,63,3,64,262,17,57,44,HIGH MG BASALT
91,1429,BOORABBIN,BOORABBIN,357471.5,6519416,51,,-9999,-9999,R,recrystallized,High-Mg Basalt,MJH,"MJ Hough PhD thesis, ANU, 1975",ANU,502000,6000,129000,24000,94000,1800,98000,99000,41100,2500,2000,16000,0.01,67,536,17,73,8,127,222,14,381,34,HIGH MG BASALT
103,793,COOLGARDIE,KALGOORLIE,327154.6,6572922,51,,-9999,-9999,U,uralitized,Basalt,JAH,JA Hallberg,UWA,527000,6400,173000,30000,62000,2900,49000,102000,25500,1700,1700,22000,0.01,35,320,218,114,5,230,334,21,66,72,BASALT
104,794,COOLGARDIE,KALGOORLIE,327154.6,6572922,51,,-9999,-9999,U,uralitized,Basalt,JAH,JA Hallberg,UWA,507000,7100,158000,14000,83000,2100,78000,118000,19200,800,1000,11000,1000,60,440,53,152,3,88,356,14,94,53,BASALT
105,795,COOLGARDIE,KALGOORLIE,327154.6,6572922,51,,-9999,-9999,U,uralitized,Basalt,JAH,JA Hallberg,UWA,540000,7000,156000,14000,73000,2200,67000,105000,31200,800,1200,9000,0.01,54,475,53,140,1,94,288,17,86,53,BASALT
106,796,COOLGARDIE,KALGOORLIE,327154.6,6572922,51,,-9999,-9999,U,uralitized,Basalt,JAH,JA Hallberg,UWA,547000,7600,162000,16000,68000,1600,53000,1.00E+05,32200,700,1200,7000,0.01,55,365,35,165,5,106,280,17,80,48,BASALT
107,797,COOLGARDIE,KALGOORLIE,327154.6,6572922,51,,-9999,-9999,U,uralitized,Basalt,JAH,JA Hallberg,UWA,532000,7200,159000,12000,71000,1900,74000,102000,38700,1000,1000,8000,0.01,50,350,21,146,3,101,307,17,85,59,BASALT
147,1450,CUE,CUE,591105.5,6948479,50,,-9999,-9999,CTS,chlorite tremolite schist,High-Mg Basalt,JAH,JA Hallberg,CSIR,515000,5000,106000,16000,80000,1700,134000,85000,8700,2200,900,37000,2000,64,1235,50,228,10,75,213,7,64,40,HIGH MG BASALT
149,1452,CUE,CUE,589506.7,6966093,50,,-9999,-9999,PU,porphyritic; uralitized,Basalt,JAH,JA Hallberg,CSIR,504000,8200,139000,25000,95000,2800,63000,116000,26200,1700,1400,13000,0.01,70,108,7,89,2,67,325,22,77,41,BASALT
150,1453,CUE,CUE,589591.7,6966461,50,,-9999,-9999,U,uralitized,Basalt,JAH,JA Hallberg,CSIR,513000,8300,143000,30000,88000,2500,51000,124000,26400,1400,1400,14000,0.01,60,112,30,78,4,59,346,25,54,42,BASALT
152,1455,CUE,CUE,612805.2,6955499,50,,-9999,-9999,R,recrystallized,Basalt,JAH,JA Hallberg,CSIR,501000,10300,140000,28000,98000,2100,71000,112000,19900,1700,1900,14000,0.01,65,162,97,104,4,147,321,23,69,61,BASALT
153,1456,CUE,CUE,577629,6954942,50,,-9999,-9999,R,recrystallized,Basalt,JAH,JA Hallberg,CSIR,504000,9400,131000,28000,86000,1800,89000,105000,20600,900,1700,21000,0.01,68,473,79,140,2,132,307,18,78,51,BASALT
155,1458,CUE,CUE,555353.7,7010140,50,,-9999,-9999,EU,epidotized; uralitized,Basalt,JAH,JA Hallberg,CSIR,547000,5200,151000,20000,61000,1700,71000,84000,23700,4700,1200,28000,0.01,67,321,54,223,16,159,179,10,73,76,BASALT
156,1459,CUE,CUE,555267,7009217,50,,-9999,-9999,PU,porphyritic; uralitized,Basalt,JAH,JA Hallberg,CSIR,557000,7500,140000,36000,51000,1600,49000,116000,12200,4700,1500,22000,0.01,63,130,31,93,19,136,247,22,58,116,BASALT
157,1460,CUE,CUE,554822.3,7008327,50,,-9999,-9999,,,High-Mg Basalt,JAH,JA Hallberg,CSIR,543000,5400,117000,14000,70000,1600,109000,67000,29400,6300,600,33000,0.01,59,1151,71,208,29,45,212,11,64,61,HIGH MG BASALT
158,1461,CUE,CUE,596392.8,7007737,50,,-9999,-9999,SL,silicified,Basalt,JAH,JA Hallberg,CSIR,625000,5300,148000,22000,30000,800,38000,51000,19500,17000,2500,24000,0.01,49,154,22,118,49,658,105,10,62,129,BASALT
714,1032,KURNALPI,KURNALPI,447375.6,6659992,51,,-9999,-9999,,,High-Mg Basalt,JAH,JA Hallberg,CSIR,505000,6500,122000,32000,70000,1700,108000,107000,16100,700,1500,31000,0.01,63,720,43,175,1,102,206,18,83,45,HIGH MG BASALT
715,1033,KURNALPI,KURNALPI,446544.3,6660450,51,,-9999,-9999,R,recrystallized,Gabbro,JAH,JA Hallberg,CSIR,473000,8400,141000,37000,94000,1800,93000,97000,16000,600,1800,41000,0.01,78,330,99,153,1,92,304,20,94,47,GABBRO
716,1034,KURNALPI,KURNALPI,446355,6660880,51,,-9999,-9999,R,recrystallized,Basalt,JAH,JA Hallberg,CSIR,483000,10200,139000,47000,97000,1900,70000,91000,18200,1200,1500,34000,4000,49,160,266,96,1,122,348,25,79,55,BASALT
717,1035,KURNALPI,KURNALPI,445978.4,6661340,51,,-9999,-9999,U,uralitized,Basalt,JAH,JA Hallberg,CSIR,476000,10400,146000,47000,92000,1800,72000,97000,26300,400,1100,28000,5000,47,150,29,99,1,108,288,19,103,60,BASALT
718,1036,KURNALPI,KURNALPI,445628.4,6661800,51,,-9999,-9999,U,uralitized,Basalt,JAH,JA Hallberg,CSIR,477000,10300,147000,42000,81000,1900,69000,86000,20100,500,2000,33000,3000,70,147,59,96,1,95,470,25,126,61,BASALT
729,1200,LAVERTON,LAVERTON,462710,6810962,51,,-9999,-9999,U,uralitized,Basalt,JAH,JA Hallberg,CSIR,508000,10800,147000,35000,99000,3100,48000,103000,18600,2600,1300,23000,0.01,80,132,80,150,5,96,335,21,100,68,BASALT
730,1201,LAVERTON,LAVERTON,461101.8,6813696,51,,-9999,-9999,EU,epidotized; uralitized,Basalt,JAH,JA Hallberg,CSIR,495000,8100,141000,32000,74000,1800,83000,113000,17400,700,1200,28000,5000,54,249,15,100,2,91,261,15,68,53,BASALT
740,1211,LAVERTON,LAVERTON,445387.7,6823481,51,,-9999,-9999,EU,epidotized; uralitized,Basalt,JAH,JA Hallberg,CSIR,527000,12400,153000,31000,69000,1400,56000,73000,28000,7500,2200,30000,5000,64,219,20,108,17,265,189,13,79,140,BASALT
742,1213,LAVERTON,LAVERTON,448507.1,6823618,51,,-9999,-9999,PU,porphyritic; uralitized,Basalt,JAH,JA Hallberg,CSIR,512000,6600,141000,28000,73000,1700,59000,124000,29900,6500,1500,16000,0.01,54,606,8,100,21,278,194,12,32,73,BASALT
745,1216,LAVERTON,LAVERTON,432429.7,6816950,51,,-9999,-9999,EU,epidotized; uralitized,Basalt,JAH,JA Hallberg,CSIR,486000,10000,145000,32000,92000,2400,70000,104000,17700,1300,1100,36000,2000,72,234,74,150,4,100,324,20,93,59,BASALT
746,1217,LAVERTON,LAVERTON,431773.7,6817839,51,,-9999,-9999,EU,epidotized; uralitized,Basalt,JAH,JA Hallberg,CSIR,484000,9000,143000,35000,87000,2300,80000,109000,16400,2600,1200,26000,6000,60,279,100,130,9,119,316,19,78,46,BASALT
747,1218,LAVERTON,LAVERTON,424251.4,6815268,51,,-9999,-9999,U,uralitized,Basalt,JAH,JA Hallberg,CSIR,471000,9900,148000,42000,83000,2200,68000,135000,12800,900,1400,28000,0.01,52,227,104,128,4,207,322,20,69,61,BASALT
749,1221,LAVERTON,LAVERTON,410254.1,6816123,51,,-9999,-9999,U,uralitized,Basalt,JAH,JA Hallberg,CSIR,488000,9500,152000,37000,85000,2200,73000,102000,23000,2700,1500,30000,2000,50,270,43,160,8,142,317,14,89,52,BASALT
253,1638,GLENGARRY,GLENGARRY,662164.9,7020230,50,,-9999,-9999,U,uralitized,Basalt,JAH,JA Hallberg,CSIR,510000,7100,139000,19000,90000,2000,78000,105000,23600,1700,1300,15000,0.01,72,390,10,135,2,94,251,32,50,54,BASALT
254,1639,GLENGARRY,GLENGARRY,660569.1,7033546,50,,-9999,-9999,U,uralitized,Basalt,JAH,JA Hallberg,CSIR,518000,7700,139000,21000,86000,1600,77000,109000,18500,3200,1500,16000,3000,81,383,50,132,18,104,283,12,30,45,BASALT
255,1642,GLENGARRY,GLENGARRY,660408.8,7042690,50,,-9999,-9999,U,uralitized,High-Mg Basalt,JAH,JA Hallberg,CSIR,534000,12400,91000,28000,79000,1700,97000,85000,40400,1400,800,21000,3000,73,887,72,163,9,83,284,22,40,86,HIGH MG BASALT
262,1860,HYDEN,HYDEN,759044.2,6439065,50,,-9999,-9999,R,recrystallized,Basalt,JAH,JA Hallberg,CSIR,506000,5500,137000,21000,83000,1800,90000,113000,20200,1100,200,17000,1000,78,306,82,158,2,115,263,15,70,24,BASALT
263,1861,HYDEN,HYDEN,759734.1,6440404,50,,-9999,-9999,U,uralitized,High-Mg Basalt,JAH,JA Hallberg,CSIR,498000,5000,1.00E+05,31000,74000,1900,146000,101000,14800,800,400,27000,0.01,75,1591,32,430,2,30,229,13,52,30,HIGH MG BASALT
264,1862,HYDEN,HYDEN,760475.1,6440662,50,,-9999,-9999,R,recrystallized,Basalt,JAH,JA Hallberg,CSIR,517000,6300,133000,18000,86000,2400,80000,117000,21800,800,400,14000,0.01,78,171,50,180,4,75,281,47,78,36,BASALT
265,1863,HYDEN,HYDEN,760475.1,6440662,50,,-9999,-9999,U,uralitized,Basalt,JAH,JA Hallberg,CSIR,514000,6500,141000,21000,85000,2200,76000,120000,14600,700,500,14000,0.01,78,166,112,124,2,93,283,20,74,34,BASALT
266,1864,HYDEN,HYDEN,761327.3,6441164,50,,-9999,-9999,R,recrystallized,Basalt,JAH,JA Hallberg,CSIR,524000,6800,142000,26000,78000,2100,75000,111000,24300,800,300,13000,0.01,62,165,52,108,2,84,289,15,65,33,BASALT
267,1865,HYDEN,HYDEN,761780.1,6441430,50,,-9999,-9999,U,uralitized,High-Mg Basalt,JAH,JA Hallberg,CSIR,503000,5800,113000,23000,88000,2000,105000,113000,18300,800,200,18000,0.01,82,942,40,225,4,222,267,21,78,27,HIGH MG BASALT
589,1500,KIRKALOCKA,KIRKALOCKA,404723.8,6796195,50,,-9999,-9999,U,uralitized,Dolerite,JAH,JA Hallberg,CSIR,495000,10500,112000,27000,116000,2300,95000,87000,20100,4700,2300,24000,2000,97,543,68,180,17,151,289,16,78,66,DOLERITE
590,1501,KIRKALOCKA,KIRKALOCKA,405650.2,6795464,50,,-9999,-9999,U,uralitized,Basalt,JAH,JA Hallberg,CSIR,491000,15000,140000,29000,116000,2000,57000,108000,24300,2200,1900,11000,0.01,71,112,9,100,6,175,385,21,57,73,BASALT
591,1502,KIRKALOCKA,KIRKALOCKA,405223.2,6794722,50,,-9999,-9999,PIN,,High-Mg Basalt,JAH,JA Hallberg,CSIR,520000,4000,91000,13000,87000,2000,165000,63000,13500,1100,900,40000,0.01,78,2003,16,298,8,82,172,8,58,31,HIGH MG BASALT
593,1681,KIRKALOCKA,KIRKALOCKA,476836.2,6890333,50,,-9999,-9999,R,recrystallized,High-Mg Basalt,JAH,JA Hallberg,CSIR,515000,8600,115000,29000,1.00E+05,2400,93000,105000,16200,1800,700,16000,0.01,103,775,65,188,4,130,300,18,70,57,HIGH MG BASALT
628,1246,KOOKYNIE,MENZIES,336096.1,6746745,51,,-9999,-9999,U,uralitized,Basalt,JAH,JA Hallberg,CSIR,495000,50,148000,26000,99000,2700,50000,139000,20200,2500,1800,11000,50,74,246,12,115,3,108,315,22,45,59,BASALT
645,1246,KOOKYNIE,MENZIES,336096.1,6746745,51,,-9999,-9999,U,uralitized,Basalt,JAH,JA Hallberg,CSIR,495000,50,148000,26000,99000,2700,50000,139000,20200,2500,1800,11000,50,74,246,12,115,3,108,315,22,45,59,BASALT
823,1160,MARDA,JACKSON,717723.8,6655585,50,,-9999,-9999,F,fresh,Basalt,JAH,JA Hallberg,CSIR,542000,7400,138000,29000,86000,1800,63000,91000,16300,2800,1000,26000,3000,55,10,130,148,4,106,262,17,90,54,BASALT
1284,1516,(MT)SINGLETON,NINGHAN,528580.3,6752574,50,,-9999,-9999,U,uralitized,Basalt,JAH,JA Hallberg,CSIR,510000,11800,116000,28000,98000,2000,92000,84000,32900,2100,1900,21000,0.01,68,798,52,200,6,305,290,20,77,78,BASALT
1285,1517,(MT)SINGLETON,NINGHAN,528603.3,6740324,50,,-9999,-9999,U,uralitized,Basalt,JAH,JA Hallberg,CSIR,511000,7700,144000,20000,78000,1800,81000,120000,16200,1100,1800,22000,0.01,60,453,85,125,2,155,252,15,51,50,BASALT
1286,1518,(MT)SINGLETON,NINGHAN,528792.3,6740508,50,,-9999,-9999,EU,epidotized; uralitized,Basalt,JAH,JA Hallberg,CSIR,5.00E+05,7600,145000,22000,73000,1700,83000,134000,16400,900,1700,15000,3000,78,435,80,91,2,108,248,19,35,48,BASALT
1290,1522,(MT)SINGLETON,NINGHAN,529578.7,6742537,50,,-9999,-9999,U,uralitized,Basalt,JAH,JA Hallberg,CSIR,510000,5900,141000,13000,92000,2100,85000,116000,16300,2500,1300,17000,0.01,41,451,71,140,10,68,239,16,60,32,BASALT
1291,1523,(MT)SINGLETON,NINGHAN,529309.6,6742631,50,,-9999,-9999,U,uralitized,Basalt,JAH,JA Hallberg,CSIR,509000,5800,141000,12000,82000,2000,81000,119000,22200,1300,1800,17000,0.01,80,477,45,164,4,182,244,12,70,34,BASALT
1292,1524,(MT)SINGLETON,NINGHAN,525940.5,6753657,50,,-9999,-9999,R,recrystallized,Basalt,JAH,JA Hallberg,CSIR,522000,12100,97000,30000,104000,2200,87000,99000,23600,1200,2000,20000,0.01,83,587,42,227,7,234,283,12,98,85,BASALT
1295,1527,(MT)SINGLETON,NINGHAN,525623.3,6756489,50,,-9999,-9999,U,uralitized,Basalt,JAH,JA Hallberg,CSIR,510000,5900,141000,23000,84000,2300,87000,96000,25700,5500,1300,20000,2000,64,472,89,140,21,165,253,13,70,28,BASALT
1296,1528,(MT)SINGLETON,NINGHAN,526707.9,6758949,50,,-9999,-9999,U,uralitized,Basalt,JAH,JA Hallberg,CSIR,523000,5700,140000,15000,83000,2000,87000,112000,15000,500,1900,15000,0.01,73,491,62,129,2,70,240,14,60,36,BASALT
1298,1530,(MT)SINGLETON,NINGHAN,526225.7,6760397,50,,-9999,-9999,U,uralitized,Basalt,JAH,JA Hallberg,CSIR,513000,5500,139000,19000,84000,1800,93000,110000,18800,1300,1500,14000,0.01,67,588,31,143,5,90,244,11,40,32,BASALT
1302,1534,(MT)SINGLETON,NINGHAN,512065.6,6739831,50,,-9999,-9999,U,uralitized,Basalt,JAH,JA Hallberg,CSIR,532000,9600,161000,15000,62000,2800,70000,91000,39800,1500,1500,16000,0.01,52,219,70,80,8,166,291,24,62,72,BASALT
1303,1535,(MT)SINGLETON,NINGHAN,511607.8,6739893,50,,-9999,-9999,U,uralitized,Dolerite,JAH,JA Hallberg,CSIR,513000,9600,147000,20000,82000,1800,81000,103000,21500,900,2300,18000,2000,80,160,120,98,4,150,274,20,59,64,DOLERITE
1304,1536,(MT)SINGLETON,NINGHAN,509506.9,6739618,50,,-9999,-9999,R,recrystallized,Basalt,JAH,JA Hallberg,CSIR,527000,4400,131000,18000,77000,1600,92000,117000,17600,500,2000,14000,0.01,80,505,49,100,2,128,228,9,58,19,BASALT
1305,1537,(MT)SINGLETON,NINGHAN,508591.2,6739618,50,,-9999,-9999,R,recrystallized,Basalt,JAH,JA Hallberg,CSIR,527000,10500,121000,25000,89000,1900,99000,83000,33100,800,2100,14000,0.01,92,404,42,135,13,115,231,26,60,62,BASALT
1307,1600,(MT)SINGLETON,NINGHAN,525269.4,6767170,50,,-9999,-9999,R,recrystallized,Basalt,JAH,JA Hallberg,CSIR,515000,5400,136000,21000,80000,1600,90000,111000,17300,1100,500,17000,0.01,90,666,28,189,6,90,254,10,59,34,BASALT
1308,1022,SIR SAMUEL,SIR SAMUEL,258691.3,6939813,51,,-9999,-9999,U,uralitized,Basalt,JAH,JA Hallberg,CSIR,5.00E+05,11000,144000,21000,101000,2300,75000,104000,26000,1400,1800,17000,0.01,66,250,13,123,1,117,310,33,149,66,BASALT
846,1548,MARDA,JACKSON,717576.1,6656235,50,,-9999,-9999,,,Basalt,JAH,JA Hallberg,CSIR,521000,7900,140000,38000,89000,1800,61000,89000,16300,1100,1200,26000,9000,51,19,119,155,2,123,228,22,75,49,BASALT
851,1602,MARDA,JACKSON,736180.1,6649102,50,,-9999,-9999,EU,epidotized; uralitized,Basalt,JAH,JA Hallberg,EZ,570000,5600,119000,17000,59000,1700,50000,85000,17100,11900,2000,61000,0.01,64,1029,68,178,44,111,201,9,55,33,BASALT
852,1603,MARDA,JACKSON,735426,6646377,50,,-9999,-9999,F,fresh,Basalt,JAH,JA Hallberg,EZ,503000,5400,150000,22000,82000,1800,82000,115000,16600,800,600,24000,0.01,48,365,89,100,1,54,205,14,108,32,BASALT
853,1604,MARDA,JACKSON,736111.5,6647163,50,,-9999,-9999,EU,epidotized; uralitized,Basalt,JAH,JA Hallberg,EZ,595000,5700,132000,24000,51000,1400,51000,92000,24300,900,1000,30000,0.01,61,76,84,55,3,125,207,15,110,28,BASALT
858,1609,MARDA,JACKSON,734446.6,6649324,50,,-9999,-9999,F,fresh,Peridotite,JAH,JA Hallberg,EZ,433000,2900,56000,39000,66000,1700,289000,43000,1600,1600,100,69000,0.01,99,3409,47,1080,6,42,96,7,45,24,PERIDOTITE
859,1610,MARDA,JACKSON,734985.2,6649498,50,,-9999,-9999,SL,silicified,High-Mg Basalt,JAH,JA Hallberg,EZ,570000,5800,118000,18000,61000,1800,74000,108000,6500,2300,800,32000,3000,63,1072,73,234,4,50,210,9,58,4,HIGH MG BASALT
860,1611,MARDA,JACKSON,734446.6,6649324,50,,-9999,-9999,PIN,,High-Mg Basalt,JAH,JA Hallberg,EZ,543000,7000,129000,24000,61000,1500,83000,102000,30700,1800,800,18000,0.01,41,403,67,135,5,152,213,38,30,51,HIGH MG BASALT
861,1612,MARDA,JACKSON,748986.3,6654765,50,,-9999,-9999,SL,silicified,High-Mg Basalt,JAH,JA Hallberg,CSIR,503000,6300,128000,27000,67000,2400,73000,165000,14200,1300,700,12000,0.01,154,1342,8,204,3,97,263,20,51,42,HIGH MG BASALT
867,1618,MARDA,JACKSON,705184.8,6660324,50,,-9999,-9999,F,fresh,Basalt,JAH,JA Hallberg,CSIR,503000,6800,151000,27000,81000,1700,77000,99000,16800,2700,900,32000,2000,80,288,103,170,7,85,262,24,82,43,BASALT
872,1623,MARDA,JACKSON,736829.1,6646962,50,,-9999,-9999,F,fresh,Basalt,JAH,JA Hallberg,CSIR,524000,5900,138000,27000,76000,1500,72000,102000,19600,1200,800,24000,9000,70,58,84,90,4,98,269,15,73,36,BASALT
874,1625,MARDA,JACKSON,736893.2,6646222,50,,-9999,-9999,F,fresh,Basalt,JAH,JA Hallberg,CSIR,522000,5200,141000,21000,68000,1300,82000,108000,20600,1700,600,28000,3000,62,287,61,98,8,63,238,17,58,32,BASALT
875,1626,MARDA,JACKSON,736958,6645512,50,,-9999,-9999,F,fresh,Basalt,JAH,JA Hallberg,CSIR,511000,6600,142000,21000,85000,1800,79000,110000,16000,1500,1000,21000,0.01,70,301,98,118,2,61,256,16,79,45,BASALT
876,1627,MARDA,JACKSON,736954,6645327,50,,-9999,-9999,F,fresh,Basalt,JAH,JA Hallberg,CSIR,511000,5400,146000,17000,84000,1800,84000,115000,16800,800,600,11000,0.01,78,391,98,154,2,68,246,17,74,31,BASALT
961,1495,NINGHAN,NINGHAN,541391,6783219,50,,-9999,-9999,U,uralitized,Basalt,JAH,JA Hallberg,CSIR,495000,9100,142000,20000,101000,2100,76000,121000,15500,2100,1000,16000,0.01,73,235,10,144,9,134,321,15,72,49,BASALT
963,1503,NINGHAN,NINGHAN,501838.2,6782124,50,,-9999,-9999,CTS,chlorite tremolite schist,High-Mg Basalt,JAH,JA Hallberg,CSIR,520000,4000,90000,14000,87000,2000,161000,62000,13700,1100,500,39000,0.01,76,2051,20,300,7,79,167,6,58,28,HIGH MG BASALT
968,1513,NINGHAN,NINGHAN,515733.3,6782452,50,,-9999,-9999,PIN,,High-Mg Basalt,JAH,JA Hallberg,CSIR,451000,5100,80000,22000,90000,2000,213000,76000,5600,1200,1000,56000,0.01,83,2610,32,890,6,29,181,8,61,32,HIGH MG BASALT
975,1592,NINGHAN,NINGHAN,500513.4,6776461,50,,-9999,-9999,P,porphyritic,High-Mg Basalt,JAH,JA Hallberg,CSIR,494000,4600,132000,20000,84000,1600,116000,116000,7500,500,500,17000,0.01,76,813,130,184,3,62,266,12,59,24,HIGH MG BASALT
976,1593,NINGHAN,NINGHAN,500513.4,6776646,50,,-9999,-9999,R,recrystallized,Basalt,JAH,JA Hallberg,CSIR,538000,4500,125000,21000,70000,1600,88000,105000,22400,700,200,13000,2000,68,579,20,143,3,68,249,38,60,25,BASALT
977,1594,NINGHAN,NINGHAN,500405.3,6777015,50,,-9999,-9999,R,recrystallized,High-Mg Basalt,JAH,JA Hallberg,CSIR,495000,5300,139000,22000,93000,2100,111000,102000,7500,500,300,14000,0.01,70,635,12,121,2,99,226,14,70,33,HIGH MG BASALT
980,1597,NINGHAN,NINGHAN,501838.1,6781416,50,,-9999,-9999,U,uralitized,Basalt,JAH,JA Hallberg,CSIR,519000,7900,138000,36000,88000,1500,78000,91000,26500,2200,1000,15000,0.01,73,102,46,100,10,165,271,21,101,64,BASALT
981,1598,NINGHAN,NINGHAN,501838.1,6781416,50,,-9999,-9999,PIN,,High-Mg Basalt,JAH,JA Hallberg,CSIR,464000,6300,86000,25000,106000,2200,168000,89000,3300,1800,600,49000,0.01,80,1097,60,255,10,10,233,10,102,53,HIGH MG BASALT
1733,1819,YALGOO,YALGOO,481188.5,6847136,50,,-9999,-9999,U,uralitized,High-Mg Basalt,JAH,JA Hallberg,CSIR,5.00E+05,4000,124000,22000,82000,2800,106000,95000,14000,6600,300,36000,1000,100,1009,30,270,20,72,196,14,80,20,HIGH MG BASALT
1734,1820,YALGOO,YALGOO,481351.3,6847321,50,,-9999,-9999,U,uralitized,High-Mg Basalt,JAH,JA Hallberg,CSIR,502000,5500,141000,29000,83000,2900,86000,91000,22600,4200,400,29000,7000,90,482,60,182,14,88,229,18,90,50,HIGH MG BASALT
1736,1822,YALGOO,YALGOO,494132.4,6838748,50,,-9999,-9999,U,uralitized,Basalt,JAH,JA Hallberg,CSIR,496000,10200,143000,53000,77000,2100,66000,121000,16700,1300,800,12000,2000,125,206,148,102,5,128,327,26,122,57,BASALT
1738,1824,YALGOO,YALGOO,484383.4,6856834,50,,-9999,-9999,,,Dolerite,JAH,JA Hallberg,CSIR,487000,12200,140000,29000,92000,2200,71000,122000,15400,5200,1000,22000,2000,88,204,125,82,55,146,322,29,118,74,DOLERITE
1740,1826,YALGOO,YALGOO,471292.6,6881058,50,,-9999,-9999,U,uralitized,High-Mg Basalt,JAH,JA Hallberg,CSIR,486000,9100,121000,33000,107000,2200,85000,129000,11500,1000,900,16000,3000,94,459,40,160,2,300,283,21,78,62,HIGH MG BASALT
1741,1827,YALGOO,YALGOO,470665.6,6881057,50,,-9999,-9999,U,uralitized,High-Mg Basalt,JAH,JA Hallberg,CSIR,537000,5400,128000,15000,75000,1800,1.00E+05,93000,17500,2500,700,16000,0.01,90,583,80,180,8,110,192,22,58,74,HIGH MG BASALT
1742,1828,YALGOO,YALGOO,470311.2,6881056,50,,-9999,-9999,U,uralitized,High-Mg Basalt,JAH,JA Hallberg,CSIR,574000,6800,140000,19000,59000,1500,69000,98000,23700,1300,900,11000,0.01,98,355,38,140,3,132,203,24,68,111,HIGH MG BASALT
1743,1829,YALGOO,YALGOO,469847.7,6881055,50,,-9999,-9999,R,recrystallized,Basalt,JAH,JA Hallberg,CSIR,558000,7000,143000,16000,67000,1600,63000,113000,13200,2100,800,14000,1000,100,257,20,100,23,128,221,20,58,102,BASALT
1745,1831,YALGOO,YALGOO,467294.4,6867754,50,,-9999,-9999,U,uralitized,High-Mg Basalt,JAH,JA Hallberg,CSIR,539000,6200,123000,20000,69000,1600,102000,84000,21000,3500,900,25000,0.01,80,803,58,204,18,129,195,28,50,110,HIGH MG BASALT
1746,1832,YALGOO,YALGOO,467568.4,6867140,50,,-9999,-9999,U,uralitized,High-Mg Basalt,JAH,JA Hallberg,CSIR,556000,5800,116000,19000,64000,1500,99000,82000,18900,8300,800,26000,0.01,82,779,58,182,42,130,187,17,45,95,HIGH MG BASALT
1747,1833,YALGOO,YALGOO,467869.2,6866679,50,,-9999,-9999,U,uralitized,High-Mg Basalt,JAH,JA Hallberg,CSIR,548000,5800,115000,18000,73000,1800,111000,76000,18900,3600,700,27000,2000,75,966,79,228,23,122,180,17,62,88,HIGH MG BASALT
1750,1836,YALGOO,YALGOO,473537.6,6864631,50,,-9999,-9999,U,uralitized,High-Mg Basalt,JAH,JA Hallberg,CSIR,555000,6500,131000,23000,61000,1500,76000,92000,18300,8200,900,23000,0.01,72,488,132,170,30,145,203,24,72,104,HIGH MG BASALT
1751,1837,YALGOO,YALGOO,473183.7,6864630,50,,-9999,-9999,PIN,,High-Mg Basalt,JAH,JA Hallberg,CSIR,554000,6700,135000,18000,65000,1500,77000,75000,29700,7200,800,24000,0.01,88,439,130,160,29,106,199,28,80,112,HIGH MG BASALT
1752,1838,YALGOO,YALGOO,472720.7,6864691,50,,-9999,-9999,PIN,,High-Mg Basalt,JAH,JA Hallberg,CSIR,570000,6300,130000,17000,58000,1500,74000,78000,29700,8600,700,18000,2000,71,426,95,138,29,111,186,23,68,101,HIGH MG BASALT
1753,1839,YALGOO,YALGOO,446250.3,6872263,50,,-9999,-9999,BR,biotite; recrystallized,High-Mg Basalt,JAH,JA Hallberg,CSIR,631000,6800,122000,22000,57000,1800,37000,70000,30200,6300,900,8000,2000,92,31,25,80,25,226,165,26,75,147,HIGH MG BASALT
1754,1840,YALGOO,YALGOO,445707.5,6871799,50,,-9999,-9999,R,recrystallized,High-Mg Basalt,JAH,JA Hallberg,CSIR,539000,6200,148000,34000,50000,1600,72000,1.00E+05,24500,3200,700,16000,0.01,90,256,10,125,15,145,206,20,62,89,HIGH MG BASALT
1755,1841,YALGOO,YALGOO,447874.1,6874732,50,,-9999,-9999,U,uralitized,Basalt,JAH,JA Hallberg,CSIR,545000,8200,145000,27000,75000,1600,52000,92000,27000,7700,1100,16000,0.01,81,84,22,68,30,203,236,31,90,171,BASALT
1756,1842,YALGOO,YALGOO,447056.6,6874728,50,,-9999,-9999,R,recrystallized,Basalt,JAH,JA Hallberg,CSIR,540000,8300,148000,34000,67000,1600,51000,102000,25600,3600,1100,13000,0.01,82,93,68,70,10,225,221,27,88,167,BASALT
1757,1843,YALGOO,YALGOO,446131.4,6874447,50,,-9999,-9999,R,recrystallized,Basalt,JAH,JA Hallberg,CSIR,554000,8000,139000,28000,72000,1600,51000,101000,24800,2600,1000,10000,0.01,95,98,41,70,5,270,219,26,90,161,BASALT
1759,1845,YALGOO,YALGOO,441465.7,6831895,50,,-9999,-9999,R,recrystallized,Basalt,JAH,JA Hallberg,CSIR,548000,10100,141000,24000,74000,1800,53000,89000,26400,8500,1500,15000,0.01,88,166,68,92,47,214,246,36,98,173,BASALT
1760,1846,YALGOO,YALGOO,433525.5,6829267,50,,-9999,-9999,U,uralitized,High-Mg Basalt,JAH,JA Hallberg,CSIR,526000,5400,124000,25000,86000,1700,101000,88000,11900,900,500,27000,0.01,70,844,49,191,1,111,291,24,82,37,HIGH MG BASALT
1763,1849,YALGOO,YALGOO,428708.8,6826776,50,,-9999,-9999,R,recrystallized,High-Mg Basalt,JAH,JA Hallberg,CSIR,516000,9600,111000,32000,84000,2000,95000,123000,6500,2400,800,19000,1000,90,675,200,155,24,353,310,21,60,49,HIGH MG BASALT
1765,1851,YALGOO,YALGOO,431161.7,6829622,50,,-9999,-9999,U,uralitized,Basalt,JAH,JA Hallberg,CSIR,483000,16200,139000,43000,103000,2400,57000,113000,21300,2400,1800,13000,1000,90,115,90,92,3,107,409,43,108,124,BASALT
1766,1852,YALGOO,YALGOO,432603.1,6829169,50,,-9999,-9999,U,uralitized,Basalt,JAH,JA Hallberg,CSIR,489000,28700,130000,52000,101000,2200,42000,109000,21600,2900,4700,10000,4000,80,75,52,61,5,153,509,67,110,320,BASALT
1192,1510,PERENJORI,PERENJORI,484265.5,6763709,50,,-9999,-9999,U,uralitized,High-Mg Basalt,JAH,JA Hallberg,CSIR,503000,5500,124000,14000,85000,2000,103000,139000,6600,1300,800,13000,3000,50,808,40,125,4,122,220,14,40,36,HIGH MG BASALT
1193,1511,PERENJORI,PERENJORI,485675.2,6758694,50,,-9999,-9999,U,uralitized,Dolerite,JAH,JA Hallberg,CSIR,514000,3300,118000,10000,62000,1700,128000,139000,6900,600,2000,17000,0.01,41,1272,10,70,7,56,198,8,28,18,DOLERITE
1194,1575,PERENJORI,PERENJORI,487670.1,6759989,50,,-9999,-9999,R,recrystallized,Basalt,JAH,JA Hallberg,CSIR,524000,9400,142000,20000,61000,1200,83000,103000,35700,2000,600,13000,0.01,76,345,28,130,4,138,242,35,28,77,BASALT
1195,1576,PERENJORI,PERENJORI,485154.9,6764634,50,,-9999,-9999,U,uralitized,Basalt,JAH,JA Hallberg,CSIR,505000,8900,147000,26000,102000,1900,71000,103000,15300,900,1000,15000,0.01,90,175,66,128,2,88,298,17,68,66,BASALT
1197,1578,PERENJORI,PERENJORI,487527.6,6766945,50,,-9999,-9999,PIN,,High-Mg Basalt,JAH,JA Hallberg,CSIR,481000,4600,111000,17000,95000,2200,146000,106000,8200,1300,700,31000,0.01,80,1520,41,330,7,38,229,9,68,30,HIGH MG BASALT
1201,1582,PERENJORI,PERENJORI,487685.5,6770700,50,,-9999,-9999,A,amygdaloidal,High-Mg Basalt,JAH,JA Hallberg,CSIR,548000,8600,95000,25000,94000,1800,82000,99000,14600,1100,500,23000,0.01,63,262,13,97,2,191,274,12,89,78,HIGH MG BASALT
1206,1587,PERENJORI,PERENJORI,481904.7,6771738,50,,-9999,-9999,R,recrystallized,Basalt,JAH,JA Hallberg,CSIR,560000,7400,160000,14000,61000,1400,52000,109000,13600,1000,900,12000,0.01,72,237,38,130,4,150,245,21,68,108,BASALT
1208,1640,POLELLE,GLENGARRY,654091.6,7045907,50,,-9999,-9999,F,fresh,High-Mg Basalt,JAH,JA Hallberg,CSIR,501000,4600,110000,32000,68000,1800,140000,96000,7800,1000,1800,38000,0.01,78,1361,40,325,6,78,249,16,52,32,HIGH MG BASALT
1209,1641,POLELLE,GLENGARRY,652082.8,7048978,50,,-9999,-9999,F,fresh,High-Mg Basalt,JAH,JA Hallberg,CSIR,530000,4800,117000,22000,75000,1700,120000,85000,14600,1500,1000,34000,0.01,67,1163,50,260,6,48,250,20,49,40,HIGH MG BASALT
1213,1647,POLELLE,GLENGARRY,543056.3,7015665,50,,-9999,-9999,,,High-Mg Basalt,JAH,JA Hallberg,CSIR,490000,6700,97000,22000,83000,1800,150000,83000,15200,900,900,41000,0.01,68,2093,22,540,5,42,244,17,62,59,HIGH MG BASALT
1214,1648,POLELLE,GLENGARRY,540982.2,7013641,50,,-9999,-9999,,,High-Mg Basalt,JAH,JA Hallberg,CSIR,465000,5100,88000,24000,88000,2100,188000,74000,5100,300,1200,55000,3000,75,2028,50,600,4,12,207,15,60,38,HIGH MG BASALT
1215,1649,POLELLE,GLENGARRY,540982.2,7013641,50,,-9999,-9999,,,High-Mg Basalt,JAH,JA Hallberg,CSIR,512000,6400,110000,25000,81000,1600,115000,85000,17200,400,1100,39000,0.01,61,878,75,198,4,95,268,18,42,54,HIGH MG BASALT
1216,1650,POLELLE,GLENGARRY,547034.2,7017927,50,,-9999,-9999,,,High-Mg Basalt,JAH,JA Hallberg,CSIR,450000,5700,93000,23000,85000,1700,167000,84000,1000,200,600,78000,0.01,85,2270,88,700,4,11,215,16,60,47,HIGH MG BASALT
1217,1651,POLELLE,GLENGARRY,546649.9,7018390,50,,-9999,-9999,,,High-Mg Basalt,JAH,JA Hallberg,CSIR,5.00E+05,4600,112000,27000,75000,1800,146000,73000,6500,11200,1200,38000,0.01,59,1234,43,280,58,36,232,15,40,24,HIGH MG BASALT
1218,1652,POLELLE,GLENGARRY,544087.9,7018984,50,,-9999,-9999,,,High-Mg Basalt,JAH,JA Hallberg,CSIR,513000,6200,120000,32000,76000,1800,105000,83000,19200,6200,1200,34000,0.01,65,760,90,130,30,178,282,20,48,25,HIGH MG BASALT
1220,1659,POLELLE,GLENGARRY,549562.5,7036870,50,,-9999,-9999,U,uralitized,Basalt,,,SHEL,539000,13000,143000,19000,74000,2000,57000,87000,27300,4500,1300,26000,3000,70,74,190,88,17,155,360,29,77,89,BASALT
1221,1660,POLELLE,GLENGARRY,649651.7,7032788,50,,-9999,-9999,,,High-Mg Basalt,,,SHEL,550000,3500,57000,21000,66000,1500,164000,76000,700,300,300,69000,0.01,80,2427,48,990,2,13,117,6,72,29,HIGH MG BASALT
1223,1662,POLELLE,GLENGARRY,652697,7033429,50,,-9999,-9999,CU,carbonatized; uralitized,Basalt,,,SHEL,477000,13000,137000,30000,98000,2000,49000,93000,21500,4200,1300,34000,44000,60,70,162,99,14,70,361,27,97,97,BASALT
1243,1693,POLELLE,GLENGARRY,654631.5,7053933,50,,-9999,-9999,,,High-Mg Basalt,JAH,JA Hallberg,CSIR,480000,6100,99000,21000,94000,1900,157000,79000,9700,1200,600,50000,2000,92,1535,71,450,2,46,233,27,125,54,HIGH MG BASALT
1246,1883,POLELLE,GLENGARRY,650789.2,7030928,50,,-9999,-9999,F,fresh,Basalt,JAH,JA Hallberg,CSIR,524000,14200,135000,23000,87000,2600,61000,74000,30500,2400,2200,41000,2000,58,76,170,78,8,81,381,27,80,89,BASALT
1251,1076,SANDSTONE,SANDSTONE,785913,6925815,50,,-9999,-9999,U,uralitized,Basalt,JAH,JA Hallberg,CSIR,525000,9000,159000,24000,85000,3000,48000,121000,16400,800,1100,11000,0.01,40,285,22,161,3,90,326,26,81,53,BASALT
1254,1079,SANDSTONE,SANDSTONE,784821.7,6926025,50,,-9999,-9999,U,uralitized,Basalt,JAH,JA Hallberg,CSIR,5.00E+05,9100,161000,24000,80000,2200,56000,129000,19300,1300,700,16000,0.01,49,267,42,182,2,99,254,19,85,47,BASALT
1255,1080,SANDSTONE,SANDSTONE,784547.7,6926032,50,,-9999,-9999,U,uralitized,Basalt,JAH,JA Hallberg,CSIR,483000,8300,148000,25000,94000,2500,77000,116000,24500,2400,1000,15000,0.01,70,288,108,172,1,87,312,26,110,42,BASALT
1260,1085,SANDSTONE,SANDSTONE,785449.5,6925918,50,,-9999,-9999,R,recrystallized,Basalt,JAH,JA Hallberg,CSIR,520000,11700,150000,26000,86000,3100,53000,111000,15600,1200,900,17000,2000,68,228,40,215,3,120,336,29,94,59,BASALT
1269,1094,SANDSTONE,SANDSTONE,788097,6925455,50,,-9999,-9999,U,uralitized,Basalt,JAH,JA Hallberg,CSIR,527000,5100,124000,20000,82000,1800,114000,96000,14800,1300,300,17000,0.01,53,606,79,128,4,53,288,22,76,22,BASALT
1270,1095,SANDSTONE,SANDSTONE,784983.8,6925929,50,,-9999,-9999,U,uralitized,Dolerite,JAH,JA Hallberg,CSIR,501000,8800,155000,28000,84000,2500,65000,118000,21700,1100,600,13000,0.01,67,286,127,153,5,77,305,22,92,50,DOLERITE
1272,1653,SANDSTONE,SANDSTONE,735252.4,6899279,50,,-9999,-9999,R,recrystallized,Basalt,JAH,JA Hallberg,CSIR,520000,6300,139000,25000,68000,1900,76000,85000,41800,2700,1300,31000,0.01,65,296,100,103,19,193,249,20,55,30,BASALT
1273,1654,SANDSTONE,SANDSTONE,737404.7,6897543,50,,-9999,-9999,R,recrystallized,Basalt,JAH,JA Hallberg,CSIR,540000,9900,119000,36000,76000,2200,58000,107000,2700,5800,1500,43000,4000,74,481,80,320,22,380,230,18,70,95,BASALT
1274,1655,SANDSTONE,SANDSTONE,712386.7,6890591,50,,-9999,-9999,U,uralitized,Dolerite,JAH,JA Hallberg,CSIR,516000,8300,141000,24000,80000,1600,78000,103000,16500,1100,2600,27000,0.01,65,124,88,96,3,97,303,80,78,47,DOLERITE
1275,1656,SANDSTONE,SANDSTONE,712386.7,6890591,50,,-9999,-9999,U,uralitized,Basalt,JAH,JA Hallberg,CSIR,509000,9200,139000,23000,93000,2000,64000,103000,22600,1200,1500,22000,2000,61,177,90,132,3,146,302,24,70,50,BASALT
1398,1690,SOUTHERN CROSS,SOUTHERN CROSS,716660.9,6531019,50,,-9999,-9999,CTS,chlorite tremolite schist,High-Mg Basalt,JAH,JA Hallberg,CSIR,460000,5100,92000,23000,87000,2100,179000,101000,12100,700,400,29000,0.01,108,2513,10,620,5,134,203,22,55,27,HIGH MG BASA-T
1423,603,WIDGIEMOOLTHA,WIDGIEMOOLTHA,374201.3,6520093,51,,-9999,-9999,R,recrystallized,Basalt,JAH,JA Hallberg,UWA,540000,6300,129000,15000,85000,1900,79000,109000,19900,1500,1100,11000,0.01,48,375,62,87,5,122,221,20,90,73,BASALT
1425,605,WIDGIEMOOLTHA,WIDGIEMOOLTHA,374201.3,6520093,51,,-9999,-9999,R,recrystallized,Basalt,JAH,JA Hallberg,UWA,519000,6900,145000,14000,71000,1600,78000,98000,36300,1100,700,19000,0.01,44,400,48,78,3,158,287,21,59,83,BASALT
1446,626,WIDGIEMOOLTHA,WIDGIEMOOLTHA,371934.5,6498385,51,,-9999,-9999,R,recrystallized,Basalt,JAH,JA Hallberg,UWA,501000,13800,133000,30000,87000,1800,74000,106000,30300,1500,2300,12000,0.01,54,525,74,133,3,108,351,27,117,86,BASALT
1447,627,WIDGIEMOOLTHA,WIDGIEMOOLTHA,371934.5,6498385,51,,-9999,-9999,R,recrystallized,Basalt,JAH,JA Hallberg,UWA,547000,13100,129000,13000,82000,1500,69000,91000,34500,500,1900,10000,1000,60,500,84,156,7,146,351,23,88,88,BASALT
1448,628,WIDGIEMOOLTHA,WIDGIEMOOLTHA,371934.5,6498385,51,,-9999,-9999,R,recrystallized,Basalt,JAH,JA Hallberg,UWA,520000,13200,137000,18000,98000,1500,79000,98000,35800,900,1900,8000,0.01,65,420,92,134,5,174,347,25,111,94,BASALT
1449,629,WIDGIEMOOLTHA,WIDGIEMOOLTHA,371934.5,6498385,51,,-9999,-9999,R,recrystallized,Basalt,JAH,JA Hallberg,UWA,475000,13700,119000,29000,114000,2200,97000,121000,14300,1700,2400,11000,0.01,77,529,62,149,9,60,352,27,151,73,BASALT
1817,1180,YOUANMI,YOUANMI,688967,6838241,50,,-9999,-9999,EU,epidotized; uralitized,Basalt,JAH,JA Hallberg,CSIR,513000,6400,147000,33000,40000,1300,75000,139000,20200,5500,100,16000,0.01,34,132,10,89,15,111,280,22,35,42,BASALT
1818,1181,YOUANMI,YOUANMI,689700.2,6838199,50,,-9999,-9999,U,uralitized,Basalt,JAH,JA Hallberg,CSIR,513000,8200,147000,36000,62000,1200,71000,95000,34400,5200,200,23000,0.01,58,12,10,162,7,92,268,25,55,64,BASALT
1821,1657,YOUANMI,YOUANMI,692035.3,6861377,50,,-9999,-9999,U,uralitized,Basalt,JAH,JA Hallberg,CSIR,509000,4900,145000,17000,90000,2000,82000,113000,17900,1800,1300,17000,0.01,59,353,35,140,9,50,258,9,80,22,BASALT
