"Dataset","PeakNo","Wavenumber","Percent.T"
"ABS1",1,696.2,76.2
"ABS1",2,757.9,87
"ABS1",3,910.3,94.4
"ABS1",4,966.2,94.5
"ABS1",5,1027.9,94
"ABS1",6,1068.4,94.4
"ABS1",7,1450.3,92.9
"ABS1",8,1494.6,94.2
"ABS1",9,1600.7,97
"ABS1",10,2237.1,99
"ABS1",11,2919.8,97.5
"ABS1",12,3025.9,99.1
"ABS1",13,3978.6,100
"ABS10",1,696.2,63.3
"ABS10",2,757.9,79.2
"ABS10",3,846.6,92.4
"ABS10",4,910.3,90.8
"ABS10",5,968.1,91
"ABS10",6,1027.9,89.2
"ABS10",7,1068.4,90.2
"ABS10",8,1450.3,86.4
"ABS10",9,1492.7,88.9
"ABS10",10,1600.7,93.4
"ABS10",11,1728,94
"ABS10",12,2237.1,97.4
"ABS10",13,2854.3,96.1
"ABS10",14,2923.7,92.6
"ABS10",15,3027.8,96.7
"ABS10",16,3978.6,100.4
"ABS11",1,696.2,66.3
"ABS11",2,700.1,58
"ABS11",3,759.8,78.8
"ABS11",4,846.6,93.9
"ABS11",5,910.3,90.1
"ABS11",6,966.2,86.9
"ABS11",7,1024.1,91.8
"ABS11",8,1070.3,92.2
"ABS11",9,1367.3,93.8
"ABS11",10,1450.3,85.5
"ABS11",11,1492.7,89.3
"ABS11",12,1556.3,95.7
"ABS11",13,1602.6,94
"ABS11",14,1637.3,94.9
"ABS11",15,1729.9,94.2
"ABS11",16,2237.1,96.4
"ABS11",17,2852.3,94.5
"ABS11",18,2921.8,90.1
"ABS11",19,3027.8,96.4
"ABS11",20,3062.5,97.8
"ABS11",21,3297.8,98.6
"ABS11",22,3978.6,99.7
"ABS12",1,696.2,60.6
"ABS12",2,759.8,76.8
"ABS12",3,846.6,93.3
"ABS12",4,910.3,89.5
"ABS12",5,966.2,86.1
"ABS12",6,1027.9,92.5
"ABS12",7,1070.3,93.2
"ABS12",8,1286.3,93.5
"ABS12",9,1363.5,94.3
"ABS12",10,1450.3,85.2
"ABS12",11,1492.7,88.3
"ABS12",12,1558.3,96.5
"ABS12",13,1602.6,94.3
"ABS12",14,1637.3,95.1
"ABS12",15,1726.1,95.6
"ABS12",16,2237.1,95.7
"ABS12",17,2850.4,94.1
"ABS12",18,2919.8,89.9
"ABS12",19,3027.8,95.3
"ABS12",20,3060.6,97
"ABS12",21,3299.7,98.1
"ABS12",22,3978.6,98.5
"ABS14",1,696.2,69.6
"ABS14",2,700.1,62.8
"ABS14",3,759.8,81.6
"ABS14",4,910.3,93.5
"ABS14",5,968.1,92.8
"ABS14",6,1027.9,93.2
"ABS14",7,1070.3,93.5
"ABS14",8,1118.6,94.5
"ABS14",9,1166.8,93.3
"ABS14",10,1282.5,94.2
"ABS14",11,1367.3,94.6
"ABS14",12,1450.3,88.6
"ABS14",13,1492.7,91.4
"ABS14",14,1602.6,94.7
"ABS14",15,1731.8,92.8
"ABS14",16,2237.1,96
"ABS14",17,2925.6,93.3
"ABS14",18,3027.8,96.2
"ABS14",19,3978.6,97.8
"ABS15",1,696.2,65.7
"ABS15",2,700.1,57.7
"ABS15",3,759.8,79.8
"ABS15",4,846.6,95.1
"ABS15",5,910.3,91.2
"ABS15",6,966.2,86.3
"ABS15",7,1027.9,92.7
"ABS15",8,1072.3,93.3
"ABS15",9,1120.5,94.7
"ABS15",10,1286.3,94.5
"ABS15",11,1363.5,95
"ABS15",12,1450.3,86.9
"ABS15",13,1492.7,90.4
"ABS15",14,1600.7,94
"ABS15",15,1728,96.1
"ABS15",16,2237.1,98.2
"ABS15",17,2850.4,96.7
"ABS15",18,2921.8,92.7
"ABS15",19,3025.9,97.6
"ABS15",20,3060.6,99.2
"ABS15",21,3978.6,101.7
"ABS16",1,696.2,56.8
"ABS16",2,700.1,50.4
"ABS16",3,759.8,75.7
"ABS16",4,844.7,94.6
"ABS16",5,910.3,93.7
"ABS16",6,1027.9,91.7
"ABS16",7,1070.3,93.3
"ABS16",8,1157.1,94.2
"ABS16",9,1184.1,94.7
"ABS16",10,1365.4,93.7
"ABS16",11,1450.3,84.9
"ABS16",12,1492.7,87.2
"ABS16",13,1602.6,93.7
"ABS16",14,1658.6,96.1
"ABS16",15,1731.8,96.1
"ABS16",16,2237.1,96.5
"ABS16",17,2856.2,96.4
"ABS16",18,2923.7,92.9
"ABS16",19,3027.8,95.8
"ABS16",20,3978.6,99.8
"ABS2",1,696.2,72.2
"ABS2",2,700.1,64.9
"ABS2",3,759.8,83.5
"ABS2",4,910.3,93.7
"ABS2",5,966.2,91.1
"ABS2",6,1026,95.7
"ABS2",7,1070.3,96.1
"ABS2",8,1286.3,96.3
"ABS2",9,1363.5,96.9
"ABS2",10,1450.3,89.8
"ABS2",11,1492.7,92.3
"ABS2",12,1600.7,97.4
"ABS2",13,1637.3,98
"ABS2",14,1726.1,98.2
"ABS2",15,2237.1,98.9
"ABS2",16,2850.4,97.8
"ABS2",17,2921.8,94.5
"ABS2",18,3027.8,98.7
"ABS2",19,3062.5,100
"ABS2",20,3299.7,100.9
"ABS2",21,3978.6,100.9
"ABS4",1,696.2,62.1
"ABS4",2,700.1,54.7
"ABS4",3,759.8,77.8
"ABS4",4,848.6,94
"ABS4",5,910.3,91.8
"ABS4",6,968.1,91.7
"ABS4",7,1027.9,89.4
"ABS4",8,1068.4,90.5
"ABS4",9,1184.1,92.7
"ABS4",10,1365.4,93.6
"ABS4",11,1450.3,85.7
"ABS4",12,1492.7,88.4
"ABS4",13,1602.6,93.9
"ABS4",14,1724.1,94.2
"ABS4",15,2237.1,97.4
"ABS4",16,2856.2,96.3
"ABS4",17,2923.7,92.4
"ABS4",18,3027.8,96.2
"ABS4",19,3301.7,98.1
"ABS4",20,3978.6,99.7
"ABS5",1,696.2,84.9
"ABS5",2,759.8,90.6
"ABS5",3,910.3,95.1
"ABS5",4,966.2,92.1
"ABS5",5,1012.5,92
"ABS5",6,1168.7,96.9
"ABS5",7,1450.3,94.3
"ABS5",8,1492.7,96.1
"ABS5",9,1600.7,97.6
"ABS5",10,1641.2,97.9
"ABS5",11,1729.9,97.3
"ABS5",12,2237.1,99.4
"ABS5",13,2850.4,98.5
"ABS5",14,2919.8,96.7
"ABS5",15,3025.9,99.6
"ABS5",16,3978.6,100.3
"ABS6",1,696.2,67.5
"ABS6",2,700.1,59.7
"ABS6",3,759.8,80.9
"ABS6",4,846.6,96.1
"ABS6",5,910.3,92.1
"ABS6",6,966.2,88.5
"ABS6",7,1026,94.6
"ABS6",8,1070.3,94.9
"ABS6",9,1162.9,95.2
"ABS6",10,1284.4,95.6
"ABS6",11,1367.3,96.3
"ABS6",12,1450.3,87.7
"ABS6",13,1492.7,91.4
"ABS6",14,1556.3,98.6
"ABS6",15,1602.6,97.1
"ABS6",16,1637.3,97.6
"ABS6",17,1731.8,94.9
"ABS6",18,2237.1,98.8
"ABS6",19,2852.3,97.1
"ABS6",20,2921.8,92.6
"ABS6",21,3027.8,98.6
"ABS6",22,3062.5,100.1
"ABS6",23,3299.7,101.2
"ABS6",24,3978.6,101.7
"ABS7",1,696.2,65.6
"ABS7",2,700.1,56.7
"ABS7",3,759.8,79.4
"ABS7",4,846.6,95.7
"ABS7",5,910.3,91.6
"ABS7",6,966.2,88.4
"ABS7",7,1026,94.4
"ABS7",8,1070.3,94.7
"ABS7",9,1157.1,96.4
"ABS7",10,1286.3,95
"ABS7",11,1450.3,86.4
"ABS7",12,1492.7,89.7
"ABS7",13,1544.8,97.2
"ABS7",14,1602.6,95.7
"ABS7",15,1637.3,96.3
"ABS7",16,1724.1,97.1
"ABS7",17,2237.1,97.2
"ABS7",18,2850.4,94.6
"ABS7",19,2921.8,90
"ABS7",20,3027.8,96.6
"ABS7",21,3299.7,99.2
"ABS7",22,3978.6,99.6
"ABS8",1,696.2,91.4
"ABS8",2,759.8,94.9
"ABS8",3,910.3,97.9
"ABS8",4,964.3,98.1
"ABS8",5,1162.9,98.2
"ABS8",6,1454.1,98.1
"ABS8",7,1743.4,98
"ABS8",8,2854.3,98.2
"ABS8",9,2921.8,97.2
"ABS8",10,3978.6,99.6
"ABS9",1,696.2,64.3
"ABS9",2,757.9,80.7
"ABS9",3,846.6,94.8
"ABS9",4,910.3,92.1
"ABS9",5,966.2,90.3
"ABS9",6,1026,93.3
"ABS9",7,1070.3,93.8
"ABS9",8,1286.3,94.6
"ABS9",9,1365.4,95.3
"ABS9",10,1450.3,87.6
"ABS9",11,1492.7,89.8
"ABS9",12,1600.7,95.4
"ABS9",13,1635.4,96.8
"ABS9",14,1726.1,96.5
"ABS9",15,2237.1,97.3
"ABS9",16,2850.4,96.4
"ABS9",17,2921.8,93.3
"ABS9",18,3027.8,96.7
"ABS9",19,3060.6,98.3
"ABS9",20,3299.7,99.4
"ABS9",21,3978.6,100
"Acrylic1",1,696.2,91
"Acrylic1",2,802.3,89.6
"Acrylic1",3,1070.3,90.6
"Acrylic1",4,1170.6,90.7
"Acrylic1",5,1259.3,91.5
"Acrylic1",6,1357.7,93.9
"Acrylic1",7,1450.3,89.4
"Acrylic1",8,1729.9,90
"Acrylic1",9,2242.9,92.6
"Acrylic1",10,2927.5,95.8
"Acrylic1",11,3978.6,97.7
"Acrylic3",1,696.2,97.9
"Acrylic3",2,800.3,95.2
"Acrylic3",3,1072.3,95.2
"Acrylic3",4,1170.6,94.5
"Acrylic3",5,1201.5,95.2
"Acrylic3",6,1259.3,94.9
"Acrylic3",7,1357.7,97.1
"Acrylic3",8,1450.3,91.7
"Acrylic3",9,1729.9,91.8
"Acrylic3",10,2242.9,92.8
"Acrylic3",11,3978.6,99.9
"Acrylic4",1,696.2,96.9
"Acrylic4",2,800.3,93.2
"Acrylic4",3,1074.2,92.4
"Acrylic4",4,1170.6,91.8
"Acrylic4",5,1203.4,93.1
"Acrylic4",6,1259.3,93.2
"Acrylic4",7,1359.6,95.8
"Acrylic4",8,1450.3,87.5
"Acrylic4",9,1731.8,88.1
"Acrylic4",10,2242.9,90.8
"Acrylic4",11,2345.1,99.5
"Acrylic4",12,2858.1,98.1
"Acrylic4",13,2925.6,95.2
"Acrylic4",14,3978.6,99.7
"Acrylic5",1,696.2,99.3
"Acrylic5",2,765.6,97.5
"Acrylic5",3,1072.3,93.7
"Acrylic5",4,1168.7,93.6
"Acrylic5",5,1359.6,95.9
"Acrylic5",6,1450.3,89.8
"Acrylic5",7,1621.9,96.8
"Acrylic5",8,1731.8,92.5
"Acrylic5",9,2242.9,91.5
"Acrylic5",10,2925.6,96.1
"Acrylic5",11,3978.6,99
"Acrylic7",1,696.2,96.2
"Acrylic7",2,1070.3,96
"Acrylic7",3,1170.6,96
"Acrylic7",4,1357.7,96.8
"Acrylic7",5,1450.3,93.5
"Acrylic7",6,1731.8,95.4
"Acrylic7",7,2242.9,95.5
"Acrylic7",8,3978.6,100.4
"Acrylic8",1,696.2,95.4
"Acrylic8",2,1072.3,91.3
"Acrylic8",3,1168.7,89.6
"Acrylic8",4,1201.5,91.1
"Acrylic8",5,1355.8,94.1
"Acrylic8",6,1450.3,85.2
"Acrylic8",7,1731.8,85.7
"Acrylic8",8,2242.9,89.1
"Acrylic8",9,2862,96.8
"Acrylic8",10,2925.6,93.7
"Acrylic8",11,3978.6,98.1
"Cotton1",1,696.2,85
"Cotton1",2,894.8,88.8
"Cotton1",3,1026,65.3
"Cotton1",4,1053,67.9
"Cotton1",5,1157.1,87.6
"Cotton1",6,1199.6,93.4
"Cotton1",7,1315.3,90.3
"Cotton1",8,1365.4,91.7
"Cotton1",9,1427.1,93.3
"Cotton1",10,1731.8,96.9
"Cotton1",11,2906.3,94.6
"Cotton1",12,3338.3,89.4
"Cotton1",13,3978.6,99.4
"Cotton10",1,696.2,84.7
"Cotton10",2,896.8,87.5
"Cotton10",3,1027.9,61.7
"Cotton10",4,1054.9,62.5
"Cotton10",5,1105.1,76.5
"Cotton10",6,1157.1,85.2
"Cotton10",7,1201.5,92.4
"Cotton10",8,1242,91.3
"Cotton10",9,1315.3,88.7
"Cotton10",10,1365.4,90.3
"Cotton10",11,1427.1,91.9
"Cotton10",12,1737.6,95.1
"Cotton10",13,2896.7,93
"Cotton10",14,3338.3,87.8
"Cotton10",15,3978.6,97.2
"Cotton11",1,696.2,82.6
"Cotton11",2,898.7,88.4
"Cotton11",3,1029.8,56.9
"Cotton11",4,1054.9,56.1
"Cotton11",5,1107,72
"Cotton11",6,1157.1,82.9
"Cotton11",7,1201.5,91.5
"Cotton11",8,1280.6,90.2
"Cotton11",9,1315.3,85.9
"Cotton11",10,1363.5,89
"Cotton11",11,1427.1,90.4
"Cotton11",12,1637.3,95.2
"Cotton11",13,2904.4,90.5
"Cotton11",14,3336.4,81.4
"Cotton11",15,3978.6,97.1
"Cotton12",1,696.2,87
"Cotton12",2,896.8,90.5
"Cotton12",3,1027.9,67.1
"Cotton12",4,1054.9,68.1
"Cotton12",5,1103.1,80.4
"Cotton12",6,1159.1,87.4
"Cotton12",7,1238.1,89.5
"Cotton12",8,1315.3,91.3
"Cotton12",9,1367.3,91.2
"Cotton12",10,1429.1,93.8
"Cotton12",11,1737.6,92.4
"Cotton12",12,2917.9,94.8
"Cotton12",13,3338.3,92.1
"Cotton12",14,3978.6,100.1
"Cotton13",1,696.2,84.7
"Cotton13",2,898.7,89.4
"Cotton13",3,1029.8,66.1
"Cotton13",4,1054.9,66.1
"Cotton13",5,1107,78.9
"Cotton13",6,1159.1,86.9
"Cotton13",7,1201.5,93.9
"Cotton13",8,1315.3,89.5
"Cotton13",9,1365.4,91.9
"Cotton13",10,1429.1,93.2
"Cotton13",11,1737.6,97.5
"Cotton13",12,2904.4,95
"Cotton13",13,3336.4,87.5
"Cotton13",14,3978.6,100.7
"Cotton14",1,696.2,82.4
"Cotton14",2,896.8,86.4
"Cotton14",3,1027.9,56.1
"Cotton14",4,1053,57.7
"Cotton14",5,1157.1,84.7
"Cotton14",6,1199.6,92.5
"Cotton14",7,1315.3,87.8
"Cotton14",8,1365.4,89.6
"Cotton14",9,1427.1,91.9
"Cotton14",10,1633.5,97.2
"Cotton14",11,2906.3,93.4
"Cotton14",12,3338.3,85.6
"Cotton14",13,3978.6,100.6
"Cotton15",1,696.2,90.8
"Cotton15",2,896.8,93.3
"Cotton15",3,1029.8,80.1
"Cotton15",4,1056.8,80.2
"Cotton15",5,1161,92.5
"Cotton15",6,1201.5,96.7
"Cotton15",7,1315.3,94.6
"Cotton15",8,1365.4,95.8
"Cotton15",9,1429.1,96.8
"Cotton15",10,2904.4,98.4
"Cotton15",11,3978.6,100.7
"Cotton2",1,696.2,85.4
"Cotton2",2,894.8,86.9
"Cotton2",3,1027.9,61.9
"Cotton2",4,1053,63.8
"Cotton2",5,1155.2,86.9
"Cotton2",6,1199.6,93
"Cotton2",7,1313.3,89.3
"Cotton2",8,1365.4,90.6
"Cotton2",9,1425.2,92.8
"Cotton2",10,1647,97
"Cotton2",11,2917.9,92.2
"Cotton2",12,3338.3,87.7
"Cotton2",13,3978.6,100.1
"Cotton3",1,696.2,84.5
"Cotton3",2,896.8,87
"Cotton3",3,1027.9,59.2
"Cotton3",4,1054.9,60
"Cotton3",5,1157.1,84.5
"Cotton3",6,1199.6,92.3
"Cotton3",7,1315.3,88
"Cotton3",8,1365.4,89.9
"Cotton3",9,1427.1,92.1
"Cotton3",10,1639.3,96.1
"Cotton3",11,2914,91.8
"Cotton3",12,3338.3,86.3
"Cotton3",13,3978.6,98.4
"Cotton5",1,696.2,81.1
"Cotton5",2,898.7,88.1
"Cotton5",3,1029.8,53.8
"Cotton5",4,1054.9,53
"Cotton5",5,1105.1,70.4
"Cotton5",6,1159.1,82.2
"Cotton5",7,1201.5,92.1
"Cotton5",8,1280.6,91.5
"Cotton5",9,1315.3,87.2
"Cotton5",10,1365.4,90.5
"Cotton5",11,1427.1,91.9
"Cotton5",12,1631.6,97.5
"Cotton5",13,2902.5,94.4
"Cotton5",14,3338.3,85.3
"Cotton5",15,3978.6,100.6
"Cotton6",1,696.2,90.7
"Cotton6",2,898.7,95.1
"Cotton6",3,1031.8,82.4
"Cotton6",4,1054.9,81.7
"Cotton6",5,1107,88.1
"Cotton6",6,1159.1,92.8
"Cotton6",7,1201.5,96.8
"Cotton6",8,1315.3,94.4
"Cotton6",9,1429.1,96.7
"Cotton6",10,1735.7,99.3
"Cotton6",11,2906.3,98.7
"Cotton6",12,3338.3,94.4
"Cotton6",13,3978.6,101.3
"Cotton7",1,696.2,98.9
"Cotton7",2,894.8,98.9
"Cotton7",3,1027.9,94
"Cotton7",4,1054.9,94
"Cotton7",5,1159.1,98.3
"Cotton7",6,3978.6,99.5
"Cotton8",1,696.2,92.5
"Cotton8",2,894.8,94.2
"Cotton8",3,1026,85.1
"Cotton8",4,1054.9,86
"Cotton8",5,1159.1,94
"Cotton8",6,1236.2,95.5
"Cotton8",7,1313.3,96
"Cotton8",8,1367.3,96.2
"Cotton8",9,1739.6,97.1
"Cotton8",10,2919.8,98
"Cotton8",11,3978.6,100.2
"Cotton9",1,696.2,85.3
"Cotton9",2,898.7,92
"Cotton9",3,1031.8,67
"Cotton9",4,1056.8,65.8
"Cotton9",5,1107,78.8
"Cotton9",6,1161,86.6
"Cotton9",7,1201.5,94.2
"Cotton9",8,1315.3,90.7
"Cotton9",9,1365.4,93.1
"Cotton9",10,1429.1,94.2
"Cotton9",11,1737.6,98.5
"Cotton9",12,2906.3,97.2
"Cotton9",13,3338.3,91.5
"Cotton9",14,3978.6,101
"Nylon1",1,696.2,78.3
"Nylon1",2,933.4,91.7
"Nylon1",3,1045.3,93.6
"Nylon1",4,1143.6,89.8
"Nylon1",5,1201.5,84.5
"Nylon1",6,1272.8,80.8
"Nylon1",7,1369.3,85
"Nylon1",8,1421.3,83.3
"Nylon1",9,1465.7,81.5
"Nylon1",10,1539,60.6
"Nylon1",11,1635.4,50.8
"Nylon1",12,2858.1,89.5
"Nylon1",13,2925.6,82.7
"Nylon1",14,3079.9,96.9
"Nylon1",15,3297.8,84.3
"Nylon1",16,3392.3,97.8
"Nylon1",17,3978.6,101.8
"Nylon10",1,696.2,80.4
"Nylon10",2,833.1,96.1
"Nylon10",3,968.1,97.8
"Nylon10",4,1116.6,93.7
"Nylon10",5,1168.7,86.7
"Nylon10",6,1203.4,88.7
"Nylon10",7,1261.3,84.4
"Nylon10",8,1371.2,88.1
"Nylon10",9,1438.7,85.7
"Nylon10",10,1461.8,82.3
"Nylon10",11,1540.9,60.5
"Nylon10",12,1635.4,49.2
"Nylon10",13,2347,103.6
"Nylon10",14,2860,90.5
"Nylon10",15,2933.3,85.2
"Nylon10",16,3085.7,97.8
"Nylon10",17,3297.8,81.6
"Nylon10",18,3978.6,102.7
"Nylon11",1,696.2,74
"Nylon11",2,906.4,95.4
"Nylon11",3,933.4,92.7
"Nylon11",4,1143.6,91.7
"Nylon11",5,1197.6,85.1
"Nylon11",6,1272.8,84.3
"Nylon11",7,1369.3,89.1
"Nylon11",8,1419.4,86.5
"Nylon11",9,1467.6,86.4
"Nylon11",10,1535.1,62.3
"Nylon11",11,1635.4,52.5
"Nylon11",12,2862,95.3
"Nylon11",13,2935.2,87.6
"Nylon11",14,3079.9,102.7
"Nylon11",15,3297.8,83.8
"Nylon11",16,3978.6,103.2
"Nylon13",1,696.2,77.9
"Nylon13",2,970.1,93.8
"Nylon13",3,1074.2,94.6
"Nylon13",4,1116.6,93.5
"Nylon13",5,1168.7,87
"Nylon13",6,1203.4,88.6
"Nylon13",7,1261.3,83.8
"Nylon13",8,1371.2,87.5
"Nylon13",9,1438.7,86
"Nylon13",10,1461.8,82.9
"Nylon13",11,1540.9,61.1
"Nylon13",12,1637.3,50.1
"Nylon13",13,2860,93.2
"Nylon13",14,2933.3,87.4
"Nylon13",15,3081.8,101.3
"Nylon13",16,3297.8,85.6
"Nylon13",17,3978.6,106.6
"Nylon20",1,696.2,82.1
"Nylon20",2,933.4,91.3
"Nylon20",3,1043.3,91.3
"Nylon20",4,1143.6,89.9
"Nylon20",5,1197.6,85.6
"Nylon20",6,1270.9,85.7
"Nylon20",7,1371.2,88.2
"Nylon20",8,1415.6,85.6
"Nylon20",9,1467.6,86.6
"Nylon20",10,1535.1,71.4
"Nylon20",11,1635.4,66.3
"Nylon20",12,2860,93.1
"Nylon20",13,2929.5,90.1
"Nylon20",14,3078,96.4
"Nylon20",15,3297.8,87.8
"Nylon20",16,3978.6,100.1
"Nylon21",1,696.2,82.3
"Nylon21",2,719.3,83.1
"Nylon21",3,935.3,93.8
"Nylon21",4,1024.1,94.3
"Nylon21",5,1062.6,93.9
"Nylon21",6,1120.5,93.6
"Nylon21",7,1184.1,89.3
"Nylon21",8,1240.1,86.1
"Nylon21",9,1367.3,89.2
"Nylon21",10,1421.3,87.4
"Nylon21",11,1467.6,83.5
"Nylon21",12,1539,68.4
"Nylon21",13,1637.3,56.9
"Nylon21",14,1735.7,96.4
"Nylon21",15,2854.3,86.3
"Nylon21",16,2923.7,80.7
"Nylon21",17,3078,98.6
"Nylon21",18,3301.7,86.7
"Nylon21",19,3978.6,102.4
"Nylon22",1,696.2,83.4
"Nylon22",2,719.3,84.3
"Nylon22",3,935.3,93.3
"Nylon22",4,1020.2,94.2
"Nylon22",5,1124.3,93.3
"Nylon22",6,1184.1,89.2
"Nylon22",7,1240.1,85.5
"Nylon22",8,1367.3,87.9
"Nylon22",9,1421.3,85.7
"Nylon22",10,1467.6,81.6
"Nylon22",11,1539,65.1
"Nylon22",12,1635.4,52.2
"Nylon22",13,2854.3,82.4
"Nylon22",14,2925.6,77.5
"Nylon22",15,3078,95.8
"Nylon22",16,3299.7,81.5
"Nylon22",17,3978.6,99.4
"Nylon3",1,696.2,84.2
"Nylon3",2,725.1,86.7
"Nylon3",3,933.4,95.7
"Nylon3",4,1143.6,92.9
"Nylon3",5,1199.6,86.8
"Nylon3",6,1272.8,84.7
"Nylon3",7,1369.3,88.5
"Nylon3",8,1421.3,87.5
"Nylon3",9,1465.7,84.6
"Nylon3",10,1535.1,62.4
"Nylon3",11,1635.4,53.6
"Nylon3",12,1733.8,98
"Nylon3",13,2862,86.5
"Nylon3",14,2933.3,79.6
"Nylon3",15,3079.9,92.7
"Nylon3",16,3301.7,78.2
"Nylon3",17,3978.6,94.4
"Nylon4",1,696.2,81.5
"Nylon4",2,723.2,83.5
"Nylon4",3,933.4,95
"Nylon4",4,1051.1,96.1
"Nylon4",5,1143.6,92.5
"Nylon4",6,1203.4,89.4
"Nylon4",7,1272.8,84.5
"Nylon4",8,1369.3,87.7
"Nylon4",9,1461.8,84.5
"Nylon4",10,1539,62
"Nylon4",11,1637.3,52.5
"Nylon4",12,2860,89.6
"Nylon4",13,2931.4,83.4
"Nylon4",14,3079.9,96.5
"Nylon4",15,3297.8,84.1
"Nylon4",16,3978.6,99
"Nylon5",1,696.2,78.6
"Nylon5",2,721.3,81.9
"Nylon5",3,927.6,95.4
"Nylon5",4,958.5,95.4
"Nylon5",5,1072.3,96.4
"Nylon5",6,1116.6,95.2
"Nylon5",7,1170.6,90.4
"Nylon5",8,1201.5,88
"Nylon5",9,1259.3,84.9
"Nylon5",10,1371.2,89.4
"Nylon5",11,1419.4,87.3
"Nylon5",12,1463.8,85
"Nylon5",13,1537.1,62.3
"Nylon5",14,1637.3,51.2
"Nylon5",15,2863.9,94
"Nylon5",16,2935.2,87.5
"Nylon5",17,3078,101.8
"Nylon5",18,3299.7,86.1
"Nylon5",19,3978.6,104.3
"Nylon6",1,696.2,78.6
"Nylon6",2,806.1,92.1
"Nylon6",3,833.1,92.7
"Nylon6",4,921.8,94.6
"Nylon6",5,960.4,94.2
"Nylon6",6,1076.1,94.2
"Nylon6",7,1114.7,92.8
"Nylon6",8,1170.6,87.7
"Nylon6",9,1201.5,86.7
"Nylon6",10,1261.3,83.6
"Nylon6",11,1371.2,88.1
"Nylon6",12,1421.3,87.2
"Nylon6",13,1461.8,84
"Nylon6",14,1539,61.4
"Nylon6",15,1637.3,50.3
"Nylon6",16,2345.1,109.3
"Nylon6",17,2862,97
"Nylon6",18,2935.2,91.1
"Nylon6",19,3079.9,104.7
"Nylon6",20,3297.8,89.4
"Nylon6",21,3434.7,108.8
"Nylon6",22,3463.7,109.9
"Nylon6",23,3492.6,110.2
"Nylon6",24,3581.3,110.7
"Nylon6",25,3783.8,111.5
"Nylon6",26,3978.6,111.7
"Nylon7",1,696.2,77
"Nylon7",2,933.4,91.4
"Nylon7",3,1041.4,92.9
"Nylon7",4,1143.6,91.5
"Nylon7",5,1197.6,83.4
"Nylon7",6,1272.8,82.6
"Nylon7",7,1369.3,86.8
"Nylon7",8,1419.4,84
"Nylon7",9,1467.6,84.4
"Nylon7",10,1535.1,61.3
"Nylon7",11,1635.4,51.8
"Nylon7",12,2862,94.8
"Nylon7",13,2933.3,88.9
"Nylon7",14,3078,102.8
"Nylon7",15,3297.8,85.8
"Nylon7",16,3978.6,107.6
"PC1",1,696.2,90.5
"PC1",2,707.8,87.2
"PC1",3,763.7,80.6
"PC1",4,829.3,67.5
"PC1",5,885.2,84
"PC1",6,1012.5,62.9
"PC1",7,1056.8,90
"PC1",8,1080,68.8
"PC1",9,1107,79.7
"PC1",10,1161,34
"PC1",11,1189.9,30.5
"PC1",12,1224.6,40.5
"PC1",13,1288.3,90.1
"PC1",14,1363.5,92
"PC1",15,1409.8,92.1
"PC1",16,1467.6,92
"PC1",17,1502.3,69.4
"PC1",18,1598.8,95.1
"PC1",19,1772.3,62.9
"PC1",20,1897.7,98.7
"PC1",21,2231.3,98.8
"PC1",22,2873.5,96.6
"PC1",23,2968,92.7
"PC1",24,3978.6,99.4
"PC2",1,696.2,88.7
"PC2",2,705.8,85.8
"PC2",3,763.7,79.4
"PC2",4,829.3,66.9
"PC2",5,885.2,83
"PC2",6,1012.5,61.9
"PC2",7,1080,67.3
"PC2",8,1107,78.1
"PC2",9,1161,33.8
"PC2",10,1189.9,30.5
"PC2",11,1224.6,40.6
"PC2",12,1288.3,88.5
"PC2",13,1363.5,89.9
"PC2",14,1409.8,90
"PC2",15,1465.7,90.5
"PC2",16,1502.3,69.1
"PC2",17,1598.8,93.5
"PC2",18,1772.3,62.1
"PC2",19,1897.7,97
"PC2",20,2873.5,94.1
"PC2",21,2931.4,92.1
"PC2",22,2968,90.6
"PC2",23,3045.2,95.8
"PC2",24,3978.6,97.4
"PC3",1,696.2,90.9
"PC3",2,707.8,88.1
"PC3",3,765.6,81.7
"PC3",4,827.3,71.3
"PC3",5,885.2,85.3
"PC3",6,1012.5,64.9
"PC3",7,1056.8,91.1
"PC3",8,1080,70.5
"PC3",9,1107,81.5
"PC3",10,1161,35.2
"PC3",11,1189.9,33.6
"PC3",12,1224.6,43.1
"PC3",13,1288.3,90.5
"PC3",14,1365.4,92.3
"PC3",15,1409.8,92.8
"PC3",16,1465.7,92.2
"PC3",17,1502.3,72.8
"PC3",18,1598.8,96.9
"PC3",19,1733.8,89.6
"PC3",20,1772.3,64.8
"PC3",21,2345.1,101.7
"PC3",22,2873.5,97.2
"PC3",23,2968,92.9
"PC3",24,3043.2,99.3
"PC3",25,3978.6,100.8
"PC5",1,696.2,99.5
"PC5",2,763.7,98.4
"PC5",3,829.3,97
"PC5",4,883.3,98.8
"PC5",5,1010.6,97.3
"PC5",6,1078.1,97.6
"PC5",7,1159.1,93.5
"PC5",8,1189.9,92.8
"PC5",9,1224.6,93.9
"PC5",10,1502.3,97.6
"PC5",11,1772.3,97.4
"PC5",12,3978.6,100
"PC6",1,696.2,89.9
"PC6",2,707.8,87.2
"PC6",3,763.7,81.3
"PC6",4,829.3,69.6
"PC6",5,885.2,85.2
"PC6",6,1012.5,65.4
"PC6",7,1056.8,90.5
"PC6",8,1080,70.8
"PC6",9,1107,81.5
"PC6",10,1161,37.8
"PC6",11,1189.9,34.6
"PC6",12,1224.6,43.9
"PC6",13,1288.3,90.4
"PC6",14,1363.5,91.9
"PC6",15,1409.8,92
"PC6",16,1465.7,92.5
"PC6",17,1502.3,72.7
"PC6",18,1596.8,95.5
"PC6",19,1658.6,96.6
"PC6",20,1772.3,66
"PC6",21,1897.7,98.8
"PC6",22,2345.1,100.7
"PC6",23,2873.5,97.1
"PC6",24,2929.5,95.9
"PC6",25,2970,94.1
"PC6",26,3978.6,99.6
"PC7",1,696.2,87
"PC7",2,707.8,85
"PC7",3,763.7,80.2
"PC7",4,829.3,70.3
"PC7",5,885.2,83.4
"PC7",6,1012.5,66.3
"PC7",7,1080,70.7
"PC7",8,1107,79
"PC7",9,1161,41.9
"PC7",10,1189.9,39.1
"PC7",11,1224.6,47.5
"PC7",12,1288.3,89.4
"PC7",13,1363.5,90.5
"PC7",14,1409.8,90.3
"PC7",15,1465.7,90.3
"PC7",16,1502.3,73.7
"PC7",17,1596.8,93.2
"PC7",18,1772.3,67.9
"PC7",19,1897.7,96.1
"PC7",20,2923.7,93.2
"PC7",21,2970,92.2
"PC7",22,3978.6,97
"PC8",1,696.2,92
"PC8",2,709.7,90.5
"PC8",3,763.7,86.7
"PC8",4,829.3,79.5
"PC8",5,885.2,89.3
"PC8",6,1012.5,76.7
"PC8",7,1080,79.9
"PC8",8,1107,86.6
"PC8",9,1161,57.8
"PC8",10,1189.9,55.4
"PC8",11,1224.6,61.6
"PC8",12,1288.3,93
"PC8",13,1365.4,94
"PC8",14,1409.8,93.7
"PC8",15,1465.7,94
"PC8",16,1502.3,81.4
"PC8",17,1596.8,96.2
"PC8",18,1772.3,77.3
"PC8",19,2345.1,99.4
"PC8",20,2927.5,95.7
"PC8",21,2968,95.2
"PC8",22,3978.6,98.5
"PC9",1,696.2,88.6
"PC9",2,707.8,85.7
"PC9",3,763.7,79.5
"PC9",4,827.3,70.4
"PC9",5,885.2,83.4
"PC9",6,1012.5,63.1
"PC9",7,1080,67.8
"PC9",8,1107,78.4
"PC9",9,1161,37.5
"PC9",10,1189.9,34.1
"PC9",11,1224.6,42.8
"PC9",12,1288.3,88.1
"PC9",13,1365.4,90.8
"PC9",14,1409.8,89.7
"PC9",15,1465.7,89.6
"PC9",16,1502.3,70.5
"PC9",17,1598.8,92.4
"PC9",18,1733.8,86.8
"PC9",19,1772.3,66.1
"PC9",20,1897.7,97.3
"PC9",21,2345.1,98.8
"PC9",22,2873.5,94.2
"PC9",23,2929.5,92.6
"PC9",24,2968,91.2
"PC9",25,3978.6,97.3
"PE10",1,696.2,91.5
"PE10",2,721.3,83.7
"PE10",3,875.6,96.7
"PE10",4,1371.2,97.9
"PE10",5,1465.7,87.7
"PE10",6,1496.6,98.9
"PE10",7,2848.5,64.4
"PE10",8,2917.9,57.9
"PE10",9,3978.6,101.5
"PE11",1,696.2,96.4
"PE11",2,721.3,84.9
"PE11",3,754.1,97
"PE11",4,1014.4,97.2
"PE11",5,1367.3,99.2
"PE11",6,1465.7,89.4
"PE11",7,1496.6,100.1
"PE11",8,2825.3,97.1
"PE11",9,2848.5,60.9
"PE11",10,2917.9,55.4
"PE11",11,3978.6,102.4
"PE12",1,696.2,95.6
"PE12",2,719.3,80.2
"PE12",3,1467.6,85.1
"PE12",4,1496.6,97.8
"PE12",5,2848.5,58.5
"PE12",6,2914,54.1
"PE12",7,3978.6,98.1
"PE14",1,696.2,96.1
"PE14",2,719.3,84.5
"PE14",3,1020.2,97.7
"PE14",4,1240.1,95.1
"PE14",5,1369.3,98.1
"PE14",6,1465.7,88.9
"PE14",7,1496.6,100
"PE14",8,1739.6,96.7
"PE14",9,2850.4,66.9
"PE14",10,2916,58.8
"PE14",11,3978.6,102.1
"PE15",1,696.2,96.5
"PE15",2,721.3,85.8
"PE15",3,754.1,97.1
"PE15",4,1371.2,98.1
"PE15",5,1465.7,87.7
"PE15",6,1496.6,99.4
"PE15",7,2848.5,65
"PE15",8,2916,59
"PE15",9,3978.6,100.6
"PE16",1,696.2,90.9
"PE16",2,717.4,82.8
"PE16",3,873.6,85.3
"PE16",4,1018.3,67.8
"PE16",5,1434.8,83.5
"PE16",6,1463.8,81.5
"PE16",7,2850.4,67.1
"PE16",8,2916,58.8
"PE16",9,3679.7,100.3
"PE16",10,3978.6,100.4
"PE18",1,696.2,93.5
"PE18",2,721.3,84.9
"PE18",3,754.1,95.9
"PE18",4,1371.2,97.9
"PE18",5,1465.7,89
"PE18",6,1496.6,100
"PE18",7,2848.5,65.5
"PE18",8,2916,59.4
"PE18",9,3978.6,102.4
"PE19",1,696.2,94.5
"PE19",2,721.3,84.7
"PE19",3,754.1,95.9
"PE19",4,1261.3,98.2
"PE19",5,1373.1,98.1
"PE19",6,1465.7,87.8
"PE19",7,1496.6,99.6
"PE19",8,1654.7,99.1
"PE19",9,1733.8,99.6
"PE19",10,2848.5,65.2
"PE19",11,2916,58.9
"PE19",12,3978.6,102
"PE21",1,696.2,96.6
"PE21",2,721.3,85.6
"PE21",3,754.1,97.1
"PE21",4,1369.3,98.5
"PE21",5,1465.7,88.5
"PE21",6,1496.6,99.6
"PE21",7,2848.5,63.6
"PE21",8,2916,58
"PE21",9,3978.6,100.8
"PE22",1,696.2,96.5
"PE22",2,721.3,85.1
"PE22",3,754.1,97.1
"PE22",4,1043.3,98.7
"PE22",5,1371.2,98.6
"PE22",6,1465.7,87.8
"PE22",7,1660.5,99.2
"PE22",8,2848.5,62.1
"PE22",9,2917.9,56.4
"PE22",10,3978.6,100.5
"PE3",1,696.2,96.7
"PE3",2,719.3,81.1
"PE3",3,754.1,97.8
"PE3",4,1365.4,99
"PE3",5,1467.6,86.9
"PE3",6,1496.6,99.4
"PE3",7,2848.5,60.5
"PE3",8,2916,54.3
"PE3",9,3978.6,100.7
"PE30",1,696.2,96.5
"PE30",2,719.3,84
"PE30",3,1018.3,95.9
"PE30",4,1182.2,97.8
"PE30",5,1242,98.1
"PE30",6,1373.1,98.2
"PE30",7,1465.7,87.3
"PE30",8,1496.6,99.4
"PE30",9,1737.6,98.8
"PE30",10,2848.5,63.2
"PE30",11,2916,56
"PE30",12,3978.6,100.1
"PE31",1,696.2,96.2
"PE31",2,721.3,86.1
"PE31",3,754.1,96.8
"PE31",4,1371.2,98.4
"PE31",5,1465.7,88.3
"PE31",6,2848.5,64.2
"PE31",7,2916,57.2
"PE31",8,3978.6,101.8
"PE32",1,696.2,96.8
"PE32",2,719.3,84
"PE32",3,1371.2,98.8
"PE32",4,1465.7,88.7
"PE32",5,1496.6,99.9
"PE32",6,2850.4,64.7
"PE32",7,2916,56
"PE32",8,3978.6,101.6
"PE33",1,696.2,95.5
"PE33",2,721.3,84.2
"PE33",3,754.1,96.3
"PE33",4,875.6,93.7
"PE33",5,1045.3,98.4
"PE33",6,1465.7,86.6
"PE33",7,1496.6,98.4
"PE33",8,2848.5,62.5
"PE33",9,2917.9,56.2
"PE33",10,3978.6,101.5
"PE4",1,696.2,96.8
"PE4",2,721.3,84.7
"PE4",3,754.1,97.4
"PE4",4,1367.3,98.9
"PE4",5,1467.6,87
"PE4",6,1496.6,99
"PE4",7,2848.5,60.4
"PE4",8,2916,53.9
"PE4",9,3978.6,100.4
"PE7",1,696.2,92.4
"PE7",2,717.4,77.8
"PE7",3,848.6,96.4
"PE7",4,875.6,82.3
"PE7",5,1429.1,78.4
"PE7",6,1465.7,78.7
"PE7",7,2825.3,94.2
"PE7",8,2848.5,59
"PE7",9,2916,53
"PE7",10,3978.6,98.6
"PE9",1,696.2,97.5
"PE9",2,719.3,84.4
"PE9",3,1373.1,99.2
"PE9",4,1467.6,87.4
"PE9",5,1496.6,100.1
"PE9",6,2850.4,64.5
"PE9",7,2916,56.3
"PE9",8,3978.6,101.4
"PEA1",1,696.2,97.6
"PEA1",2,756,95.4
"PEA1",3,964.3,93.3
"PEA1",4,1118.6,90.3
"PEA1",5,1164.8,71.3
"PEA1",6,1238.1,86.6
"PEA1",7,1375.1,92.3
"PEA1",8,1458,89.3
"PEA1",9,1729.9,68.5
"PEA1",10,2241,99.6
"PEA1",11,2345.1,101.3
"PEA1",12,2871.6,92.2
"PEA1",13,2927.5,89.2
"PEA1",14,2958.4,86.4
"PEA1",15,3978.6,100.1
"PET1",1,696.2,86.2
"PET1",2,725.1,34.9
"PET1",3,794.6,87.1
"PET1",4,844.7,87.1
"PET1",5,873.6,76.5
"PET1",6,1018.3,63
"PET1",7,1041.4,76.3
"PET1",8,1093.5,40.6
"PET1",9,1176.4,88.7
"PET1",10,1245.8,36.2
"PET1",11,1340.3,91.3
"PET1",12,1373.1,90.5
"PET1",13,1407.8,80
"PET1",14,1448.3,91.7
"PET1",15,1504.3,93.4
"PET1",16,1577.6,94.5
"PET1",17,1614.2,96.1
"PET1",18,1718.3,40.2
"PET1",19,1949.8,99.6
"PET1",20,2383.7,100.2
"PET1",21,2889,99.4
"PET1",22,2960.3,97.4
"PET1",23,3978.6,100.1
"PET11",1,696.2,85.8
"PET11",2,723.2,43.1
"PET11",3,792.6,89.5
"PET11",4,846.6,84.8
"PET11",5,871.7,72.2
"PET11",6,896.8,91.6
"PET11",7,970.1,86.3
"PET11",8,1018.3,65.1
"PET11",9,1047.2,86.5
"PET11",10,1099.3,44.7
"PET11",11,1176.4,91.8
"PET11",12,1247.8,31.7
"PET11",13,1340.3,75.8
"PET11",14,1377,94.4
"PET11",15,1407.8,82.4
"PET11",16,1467.6,95.8
"PET11",17,1504.3,94.1
"PET11",18,1577.6,97.5
"PET11",19,1718.3,34.9
"PET11",20,1957.5,100.4
"PET11",21,2285.3,101.3
"PET11",22,2381.8,101.4
"PET11",23,2910.2,100.1
"PET11",24,2970,99.1
"PET11",25,3400,101.2
"PET11",26,3434.7,101
"PET11",27,3978.6,101.6
"PET13",1,696.2,84.5
"PET13",2,723.2,40.8
"PET13",3,794.6,89.5
"PET13",4,848.6,84.5
"PET13",5,871.7,71.4
"PET13",6,896.8,91.2
"PET13",7,972,86
"PET13",8,1020.2,68
"PET13",9,1047.2,86.6
"PET13",10,1099.3,47
"PET13",11,1122.4,51.4
"PET13",12,1176.4,91.8
"PET13",13,1249.7,32.8
"PET13",14,1340.3,74.8
"PET13",15,1377,93.9
"PET13",16,1407.8,82.4
"PET13",17,1467.6,94.3
"PET13",18,1504.3,93.6
"PET13",19,1577.6,96.5
"PET13",20,1716.4,32.6
"PET13",21,1959.4,99.3
"PET13",22,2383.7,100
"PET13",23,2908.2,98.9
"PET13",24,2968,97.8
"PET13",25,3434.7,99.4
"PET13",26,3978.6,99.9
"PET14",1,696.2,92.5
"PET14",2,725.1,60.1
"PET14",3,792.6,92.3
"PET14",4,846.6,91.6
"PET14",5,873.6,86.5
"PET14",6,972,90.6
"PET14",7,1018.3,80.4
"PET14",8,1043.3,86.7
"PET14",9,1095.4,69.7
"PET14",10,1166.8,77.7
"PET14",11,1243.9,65.5
"PET14",12,1338.4,92.1
"PET14",13,1375.1,92.9
"PET14",14,1405.9,91.9
"PET14",15,1456.1,91.1
"PET14",16,1504.3,97.9
"PET14",17,1577.6,98.7
"PET14",18,1726.1,65.9
"PET14",19,2345.1,102.8
"PET14",20,2871.6,95.1
"PET14",21,2929.5,92.3
"PET14",22,2958.4,89.4
"PET14",23,3978.6,101.8
"PET15",1,696.2,87
"PET15",2,705.8,87.3
"PET15",3,730.9,81.5
"PET15",4,754.1,87.9
"PET15",5,873.6,74.1
"PET15",6,958.5,88.9
"PET15",7,1018.3,85.7
"PET15",8,1043.3,88.9
"PET15",9,1070.3,88
"PET15",10,1114.7,79.2
"PET15",11,1269,73.9
"PET15",12,1421.3,68.1
"PET15",13,1724.1,81.6
"PET15",14,2862,94.8
"PET15",15,2925.6,91.3
"PET15",16,2958.4,91.9
"PET15",17,3691.2,98
"PET15",18,3978.6,100.8
"PET18",1,696.2,94.8
"PET18",2,725.1,78.1
"PET18",3,794.6,95.3
"PET18",4,873.6,92.2
"PET18",5,1018.3,89.3
"PET18",6,1041.4,93.3
"PET18",7,1095.4,82.7
"PET18",8,1245.8,81.6
"PET18",9,1340.3,97.2
"PET18",10,1373.1,97.5
"PET18",11,1407.8,94.5
"PET18",12,1448.3,97.7
"PET18",13,1504.3,98.3
"PET18",14,1577.6,98.5
"PET18",15,1718.3,84.1
"PET18",16,3978.6,99.5
"PET19",1,696.2,83.9
"PET19",2,723.2,41.3
"PET19",3,794.6,89
"PET19",4,848.6,83.8
"PET19",5,871.7,69.9
"PET19",6,896.8,90.8
"PET19",7,970.1,85.4
"PET19",8,1020.2,66.2
"PET19",9,1047.2,86
"PET19",10,1099.3,45
"PET19",11,1122.4,48.2
"PET19",12,1176.4,91.3
"PET19",13,1249.7,29
"PET19",14,1340.3,72.9
"PET19",15,1377,93.6
"PET19",16,1409.8,80.3
"PET19",17,1467.6,94.1
"PET19",18,1506.2,92.6
"PET19",19,1577.6,96.4
"PET19",20,1716.4,28.3
"PET19",21,1959.4,99.5
"PET19",22,2289.2,100.2
"PET19",23,2383.7,100.3
"PET19",24,2908.2,99.2
"PET19",25,2970,97.6
"PET19",26,3432.8,100
"PET19",27,3978.6,100.3
"PET2",1,696.2,86.2
"PET2",2,725.1,31.7
"PET2",3,792.6,86.8
"PET2",4,846.6,85.7
"PET2",5,873.6,75.6
"PET2",6,973.9,85.7
"PET2",7,1018.3,60.9
"PET2",8,1043.3,79.5
"PET2",9,1095.4,38.4
"PET2",10,1174.5,88.5
"PET2",11,1245.8,34.1
"PET2",12,1340.3,83.5
"PET2",13,1373.1,91.7
"PET2",14,1407.8,79.6
"PET2",15,1450.3,92.5
"PET2",16,1504.3,93.4
"PET2",17,1529.3,98.4
"PET2",18,1577.6,95.2
"PET2",19,1614.2,96.7
"PET2",20,1718.3,36.8
"PET2",21,1951.7,99.8
"PET2",22,2383.7,100.6
"PET2",23,2962.2,98.1
"PET2",24,3434.7,100.4
"PET2",25,3978.6,101.1
"PET5",1,696.2,82.6
"PET5",2,723.2,47
"PET5",3,794.6,88.5
"PET5",4,846.6,83.5
"PET5",5,871.7,71.8
"PET5",6,896.8,90.2
"PET5",7,970.1,85.4
"PET5",8,1020.2,68.6
"PET5",9,1047.2,83.7
"PET5",10,1099.3,51.2
"PET5",11,1247.8,39.5
"PET5",12,1340.3,75.3
"PET5",13,1407.8,79.1
"PET5",14,1446.4,90.7
"PET5",15,1504.3,91.4
"PET5",16,1575.6,94.9
"PET5",17,1716.4,43.3
"PET5",18,1957.5,99.3
"PET5",19,2283.4,99.7
"PET5",20,2966.1,96.5
"PET5",21,3432.8,99
"PET5",22,3978.6,99.7
"PET8",1,696.2,86.6
"PET8",2,725.1,31.9
"PET8",3,794.6,86.4
"PET8",4,844.7,86.5
"PET8",5,873.6,75.5
"PET8",6,931.5,90.8
"PET8",7,1018.3,62
"PET8",8,1041.4,74.6
"PET8",9,1093.5,38.7
"PET8",10,1174.5,86.6
"PET8",11,1245.8,35
"PET8",12,1340.3,90.8
"PET8",13,1371.2,88.6
"PET8",14,1407.8,79.1
"PET8",15,1448.3,90.4
"PET8",16,1504.3,92.8
"PET8",17,1577.6,93.4
"PET8",18,1612.3,94.9
"PET8",19,1718.3,37
"PET8",20,1949.8,98.4
"PET8",21,2287.3,98.9
"PET8",22,2958.4,94.7
"PET8",23,3434.7,97.9
"PET8",24,3978.6,98.3
"PET9",1,696.2,84
"PET9",2,725.1,50.8
"PET9",3,794.6,89.3
"PET9",4,846.6,88.8
"PET9",5,873.6,82.8
"PET9",6,1016.3,68.7
"PET9",7,1041.4,82.2
"PET9",8,1095.4,59.1
"PET9",9,1174.5,89.4
"PET9",10,1245.8,57
"PET9",11,1340.3,90.5
"PET9",12,1373.1,93.4
"PET9",13,1407.8,86.8
"PET9",14,1456.1,92
"PET9",15,1504.3,95.6
"PET9",16,1577.6,96.3
"PET9",17,1718.3,61.1
"PET9",18,2854.3,92.8
"PET9",19,2923.7,88.8
"PET9",20,3978.6,101.5
"PEVA1",1,696.2,95.6
"PEVA1",2,719.3,88.6
"PEVA1",3,875.6,92.6
"PEVA1",4,1041.4,92.7
"PEVA1",5,1240.1,91.2
"PEVA1",6,1373.1,94.2
"PEVA1",7,1463.8,88.2
"PEVA1",8,1737.6,94.4
"PEVA1",9,2850.4,77.9
"PEVA1",10,2917.9,72.5
"PEVA1",11,3978.6,98.7
"PEVA10",1,696.2,98.4
"PEVA10",2,937.3,98
"PEVA10",3,1029.8,93.8
"PEVA10",4,1232.3,83.3
"PEVA10",5,1371.2,93.3
"PEVA10",6,1450.3,90.2
"PEVA10",7,1735.7,85.6
"PEVA10",8,2242.9,91.2
"PEVA10",9,2927.5,94.8
"PEVA10",10,3978.6,99.2
"PEVA11",1,696.2,99.1
"PEVA11",2,937.3,99.4
"PEVA11",3,1033.7,95.6
"PEVA11",4,1070.3,96
"PEVA11",5,1232.3,87.1
"PEVA11",6,1371.2,95.4
"PEVA11",7,1450.3,92.2
"PEVA11",8,1600.7,97.5
"PEVA11",9,1737.6,87.7
"PEVA11",10,2242.9,93.1
"PEVA11",11,2345.1,101.9
"PEVA11",12,2852.3,96.7
"PEVA11",13,2921.8,93.5
"PEVA11",14,3301.7,99.6
"PEVA11",15,3367.2,99.1
"PEVA11",16,3400,99.2
"PEVA11",17,3434.7,99.2
"PEVA11",18,3471.4,99.8
"PEVA11",19,3656.5,100.3
"PEVA11",20,3978.6,99.7
"PEVA12",1,696.2,100.7
"PEVA12",2,1232.3,85.7
"PEVA12",3,1369.3,96.1
"PEVA12",4,1450.3,93.4
"PEVA12",5,1735.7,87.9
"PEVA12",6,2242.9,92.9
"PEVA12",7,2343.2,102.6
"PEVA12",8,2939.1,98.4
"PEVA12",9,3078,100.3
"PEVA12",10,3301.7,100.7
"PEVA12",11,3400,99.9
"PEVA12",12,3434.7,100.1
"PEVA12",13,3978.6,99.9
"PEVA13",1,696.2,95.4
"PEVA13",2,1027.9,93
"PEVA13",3,1232.3,89.3
"PEVA13",4,1369.3,94.5
"PEVA13",5,1448.3,93.5
"PEVA13",6,1735.7,92.1
"PEVA13",7,2242.9,94.2
"PEVA13",8,2921.8,96.5
"PEVA13",9,3978.6,97.6
"PEVA2",1,696.2,96.4
"PEVA2",2,748.3,91.5
"PEVA2",3,856.3,77.7
"PEVA2",4,1012.5,74
"PEVA2",5,1107,84.1
"PEVA2",6,1155.2,75.7
"PEVA2",7,1247.8,59.1
"PEVA2",8,1373.1,90.9
"PEVA2",9,1442.6,86.9
"PEVA2",10,1469.6,91.4
"PEVA2",11,1743.4,62.2
"PEVA2",12,2250.6,101
"PEVA2",13,2943,98.9
"PEVA2",14,2989.2,97.6
"PEVA2",15,3978.6,102.2
"PEVA5",1,696.2,91.4
"PEVA5",2,719.3,84.7
"PEVA5",3,873.6,86.3
"PEVA5",4,1020.2,90
"PEVA5",5,1240.1,81.1
"PEVA5",6,1373.1,88.4
"PEVA5",7,1432.9,84.2
"PEVA5",8,1463.8,82.8
"PEVA5",9,1650.8,95.5
"PEVA5",10,1737.6,85.7
"PEVA5",11,2850.4,72.3
"PEVA5",12,2917.9,65.4
"PEVA5",13,3978.6,99.7
"PEVA6",1,696.2,94.2
"PEVA6",2,721.3,87.5
"PEVA6",3,1020.2,90.6
"PEVA6",4,1240.1,84.7
"PEVA6",5,1371.2,93.8
"PEVA6",6,1463.8,90.7
"PEVA6",7,1737.6,88.9
"PEVA6",8,2850.4,79.5
"PEVA6",9,2917.9,72.6
"PEVA6",10,3978.6,103.7
"PEVA7",1,696.2,94
"PEVA7",2,721.3,86.5
"PEVA7",3,879.4,90.4
"PEVA7",4,1018.3,88.2
"PEVA7",5,1240.1,82.1
"PEVA7",6,1371.2,91.4
"PEVA7",7,1463.8,84.2
"PEVA7",8,1737.6,85.9
"PEVA7",9,2850.4,72.9
"PEVA7",10,2917.9,65.5
"PEVA7",11,3978.6,101.3
"PEVA8",1,696.2,94
"PEVA8",2,721.3,86.5
"PEVA8",3,1018.3,88.4
"PEVA8",4,1240.1,82.2
"PEVA8",5,1371.2,92
"PEVA8",6,1465.7,88.2
"PEVA8",7,1598.8,94.6
"PEVA8",8,1737.6,86
"PEVA8",9,2850.4,73.3
"PEVA8",10,2917.9,66.2
"PEVA8",11,3978.6,101.3
"PLA1",1,696.2,91.6
"PLA1",2,752.1,88.8
"PLA1",3,867.8,89.3
"PLA1",4,958.5,91.6
"PLA1",5,1045.3,70.2
"PLA1",6,1087.7,47.2
"PLA1",7,1128.2,68
"PLA1",8,1184.1,55.3
"PLA1",9,1267.1,86.4
"PLA1",10,1361.6,87.2
"PLA1",11,1452.2,87.2
"PLA1",12,1600.7,97.6
"PLA1",13,1753,58.1
"PLA1",14,2944.9,96.4
"PLA1",15,2995,97.8
"PLA1",16,3978.6,100
"PLA3",1,696.2,89.2
"PLA3",2,756,84.6
"PLA3",3,867.8,87.8
"PLA3",4,918,94
"PLA3",5,954.6,94.7
"PLA3",6,1043.3,64.6
"PLA3",7,1087.7,39.2
"PLA3",8,1128.2,62.1
"PLA3",9,1184.1,50.4
"PLA3",10,1305.6,93.8
"PLA3",11,1357.7,84.1
"PLA3",12,1380.8,84.8
"PLA3",13,1452.2,82.1
"PLA3",14,1598.8,97.6
"PLA3",15,1751.1,42.6
"PLA3",16,2948.8,98.4
"PLA3",17,2998.9,98.3
"PLA3",18,3978.6,101.8
"PLA4",1,696.2,88.7
"PLA4",2,754.1,85.1
"PLA4",3,869.8,87.9
"PLA4",4,919.9,94.3
"PLA4",5,952.7,95.6
"PLA4",6,1045.3,67.5
"PLA4",7,1089.6,43.7
"PLA4",8,1130.1,59
"PLA4",9,1184.1,51.3
"PLA4",10,1209.2,63.9
"PLA4",11,1265.1,90.5
"PLA4",12,1301.8,94.1
"PLA4",13,1359.6,83.4
"PLA4",14,1382.8,85.8
"PLA4",15,1452.2,83.3
"PLA4",16,1753,43.8
"PLA4",17,2948.8,98.1
"PLA4",18,2998.9,97.4
"PLA4",19,3978.6,100.6
"PLA5",1,696.2,87.8
"PLA5",2,754.1,83.7
"PLA5",3,869.8,86.7
"PLA5",4,921.8,93.7
"PLA5",5,954.6,94.1
"PLA5",6,1045.3,63.3
"PLA5",7,1087.7,37.9
"PLA5",8,1132.1,55.4
"PLA5",9,1186.1,45.3
"PLA5",10,1267.1,89.2
"PLA5",11,1301.8,93.4
"PLA5",12,1359.6,82.3
"PLA5",13,1452.2,82.7
"PLA5",14,1753,40.8
"PLA5",15,2948.8,98.4
"PLA5",16,2998.9,98.1
"PLA5",17,3978.6,101.5
"PLA6",1,696.2,89.6
"PLA6",2,752.1,86.6
"PLA6",3,867.8,87.5
"PLA6",4,900.6,94.3
"PLA6",5,954.6,93.1
"PLA6",6,1047.2,65.6
"PLA6",7,1085.8,37.2
"PLA6",8,1128.2,62.4
"PLA6",9,1184.1,49.7
"PLA6",10,1267.1,85
"PLA6",11,1305.6,92.9
"PLA6",12,1359.6,85.9
"PLA6",13,1378.9,86.7
"PLA6",14,1452.2,84
"PLA6",15,1751.1,44.6
"PLA6",16,2854.3,99.3
"PLA6",17,2997,97.7
"PLA6",18,3978.6,101.2
"PLA7",1,696.2,89
"PLA7",2,752.1,86.1
"PLA7",3,867.8,87.2
"PLA7",4,954.6,92.8
"PLA7",5,1045.3,66
"PLA7",6,1085.8,41.3
"PLA7",7,1128.2,64
"PLA7",8,1184.1,53.8
"PLA7",9,1265.1,85.4
"PLA7",10,1309.5,91.9
"PLA7",11,1359.6,85.3
"PLA7",12,1452.2,83.6
"PLA7",13,1593,91.8
"PLA7",14,1751.1,52.2
"PLA7",15,2995,97.5
"PLA7",16,3978.6,101.2
"PLA8",1,696.2,89.1
"PLA8",2,752.1,85.3
"PLA8",3,867.8,86
"PLA8",4,902.6,92.9
"PLA8",5,954.6,91.5
"PLA8",6,1047.2,64.1
"PLA8",7,1085.8,35.8
"PLA8",8,1128.2,61
"PLA8",9,1184.1,48.3
"PLA8",10,1265.1,84
"PLA8",11,1307.6,91.9
"PLA8",12,1359.6,84.6
"PLA8",13,1378.9,85.5
"PLA8",14,1452.2,82.8
"PLA8",15,1751.1,42.9
"PLA8",16,2852.3,98.2
"PLA8",17,2997,96.9
"PLA8",18,3978.6,100.3
"PLA9",1,696.2,90.2
"PLA9",2,703.9,89
"PLA9",3,729,74.7
"PLA9",4,756,87.5
"PLA9",5,869.8,85.6
"PLA9",6,954.6,91
"PLA9",7,1045.3,67
"PLA9",8,1087.7,39.7
"PLA9",9,1128.2,63.7
"PLA9",10,1184.1,53.8
"PLA9",11,1265.1,75.2
"PLA9",12,1452.2,84.8
"PLA9",13,1724.1,74.7
"PLA9",14,1753,52.3
"PLA9",15,2944.9,96
"PLA9",16,2997,96.9
"PLA9",17,3978.6,99.6
"Polyester1",1,696.2,84.5
"Polyester1",2,723.2,34
"Polyester1",3,792.6,88.2
"Polyester1",4,848.6,81.5
"Polyester1",5,871.7,72.5
"Polyester1",6,896.8,91.3
"Polyester1",7,970.1,84.8
"Polyester1",8,1018.3,65.7
"Polyester1",9,1099.3,44.2
"Polyester1",10,1176.4,92.2
"Polyester1",11,1247.8,35.6
"Polyester1",12,1340.3,77.1
"Polyester1",13,1377,96.6
"Polyester1",14,1407.8,83.7
"Polyester1",15,1469.6,96.5
"Polyester1",16,1506.2,96.5
"Polyester1",17,1577.6,100.6
"Polyester1",18,1716.4,33.3
"Polyester1",19,1957.5,105.7
"Polyester1",20,2343.2,110.2
"Polyester1",21,2385.6,107.6
"Polyester1",22,2912.1,106.9
"Polyester1",23,2971.9,106.1
"Polyester1",24,3402,108.8
"Polyester1",25,3432.8,108.6
"Polyester1",26,3978.6,109.2
"Polyester10",1,696.2,84.7
"Polyester10",2,723.2,40.7
"Polyester10",3,792.6,88.2
"Polyester10",4,848.6,82.4
"Polyester10",5,871.7,75.7
"Polyester10",6,970.1,84.4
"Polyester10",7,1018.3,66.4
"Polyester10",8,1097.3,49.5
"Polyester10",9,1174.5,88.4
"Polyester10",10,1247.8,43
"Polyester10",11,1338.4,77.4
"Polyester10",12,1377,91.9
"Polyester10",13,1407.8,81.4
"Polyester10",14,1469.6,91.4
"Polyester10",15,1504.3,91.9
"Polyester10",16,1537.1,95.5
"Polyester10",17,1577.6,93.8
"Polyester10",18,1716.4,41.6
"Polyester10",19,1957.5,97.3
"Polyester10",20,2916,94.6
"Polyester10",21,2968,95.3
"Polyester10",22,3978.6,97.6
"Polyester11",1,696.2,83.1
"Polyester11",2,723.2,38.4
"Polyester11",3,792.6,87.9
"Polyester11",4,848.6,82.2
"Polyester11",5,871.7,73.6
"Polyester11",6,896.8,89.8
"Polyester11",7,970.1,84.4
"Polyester11",8,1018.3,68.6
"Polyester11",9,1047.2,84.9
"Polyester11",10,1099.3,50.9
"Polyester11",11,1249.7,42.1
"Polyester11",12,1340.3,77.7
"Polyester11",13,1377,92.6
"Polyester11",14,1407.8,81.8
"Polyester11",15,1469.6,92.2
"Polyester11",16,1504.3,92.5
"Polyester11",17,1577.6,94.8
"Polyester11",18,1716.4,39.9
"Polyester11",19,1957.5,98.3
"Polyester11",20,2914,97.6
"Polyester11",21,2970,97.1
"Polyester11",22,3432.8,98.7
"Polyester11",23,3978.6,99.5
"Polyester17",1,696.2,99.3
"Polyester17",2,725.1,79.6
"Polyester17",3,796.5,99
"Polyester17",4,848.6,97
"Polyester17",5,871.7,94
"Polyester17",6,970.1,98.1
"Polyester17",7,1018.3,92.4
"Polyester17",8,1099.3,85.4
"Polyester17",9,1249.7,80.8
"Polyester17",10,1340.3,94.6
"Polyester17",11,1407.8,95.1
"Polyester17",12,1465.7,99.1
"Polyester17",13,1504.3,98.6
"Polyester17",14,1716.4,76.6
"Polyester17",15,3402,99.7
"Polyester17",16,3434.7,99.7
"Polyester17",17,3978.6,99.5
"Polyester18",1,696.2,85.2
"Polyester18",2,723.2,61.8
"Polyester18",3,790.7,90
"Polyester18",4,848.6,87.3
"Polyester18",5,871.7,83.1
"Polyester18",6,970.1,85.5
"Polyester18",7,1018.3,74.9
"Polyester18",8,1097.3,68.3
"Polyester18",9,1166.8,78.6
"Polyester18",10,1245.8,64
"Polyester18",11,1340.3,87.7
"Polyester18",12,1378.9,91.3
"Polyester18",13,1407.8,88.5
"Polyester18",14,1454.1,90
"Polyester18",15,1539,94.1
"Polyester18",16,1722.2,63.3
"Polyester18",17,2345.1,102.3
"Polyester18",18,2863.9,97.2
"Polyester18",19,2927.5,93.1
"Polyester18",20,2958.4,93.7
"Polyester18",21,3978.6,101.6
"Polyester19",1,696.2,88.3
"Polyester19",2,723.2,54.6
"Polyester19",3,792.6,91.6
"Polyester19",4,846.6,87.9
"Polyester19",5,871.7,82.5
"Polyester19",6,896.8,92.4
"Polyester19",7,970.1,88.3
"Polyester19",8,1018.3,75
"Polyester19",9,1097.3,62.5
"Polyester19",10,1245.8,57.7
"Polyester19",11,1340.3,86.1
"Polyester19",12,1375.1,94.8
"Polyester19",13,1407.8,87.7
"Polyester19",14,1504.3,94.8
"Polyester19",15,1577.6,96.2
"Polyester19",16,1716.4,59.6
"Polyester19",17,1955.5,98.8
"Polyester19",18,2921.8,97.5
"Polyester19",19,3978.6,99.6
"Polyester2",1,696.2,86.3
"Polyester2",2,725.1,31.4
"Polyester2",3,792.6,89.1
"Polyester2",4,873.6,74.7
"Polyester2",5,972,86
"Polyester2",6,1018.3,61.3
"Polyester2",7,1045.3,84.1
"Polyester2",8,1095.4,37.3
"Polyester2",9,1174.5,89.1
"Polyester2",10,1247.8,30.4
"Polyester2",11,1340.3,78.1
"Polyester2",12,1373.1,92.3
"Polyester2",13,1407.8,79.2
"Polyester2",14,1456.1,91.8
"Polyester2",15,1504.3,92.8
"Polyester2",16,1577.6,95.1
"Polyester2",17,1718.3,32.4
"Polyester2",18,1953.6,98.5
"Polyester2",19,2345.1,99.7
"Polyester2",20,2908.2,97.4
"Polyester2",21,2970,96.1
"Polyester2",22,3434.7,97.8
"Polyester2",23,3978.6,98.2
"Polyester20",1,696.2,84.5
"Polyester20",2,725.1,40
"Polyester20",3,792.6,88.6
"Polyester20",4,848.6,84
"Polyester20",5,871.7,75.2
"Polyester20",6,896.8,90.1
"Polyester20",7,972,85.3
"Polyester20",8,1018.3,67.1
"Polyester20",9,1047.2,84.7
"Polyester20",10,1097.3,48.4
"Polyester20",11,1176.4,90
"Polyester20",12,1247.8,41
"Polyester20",13,1340.3,79.4
"Polyester20",14,1375.1,92.3
"Polyester20",15,1407.8,81.8
"Polyester20",16,1504.3,92.4
"Polyester20",17,1577.6,94.4
"Polyester20",18,1718.3,44.8
"Polyester20",19,1957.5,97.6
"Polyester20",20,2283.4,97.9
"Polyester20",21,2968,95.8
"Polyester20",22,3432.8,97.3
"Polyester20",23,3978.6,97.8
"Polyester4",1,696.2,86.4
"Polyester4",2,725.1,36.9
"Polyester4",3,790.7,91.2
"Polyester4",4,848.6,87.2
"Polyester4",5,873.6,75.9
"Polyester4",6,970.1,89
"Polyester4",7,1018.3,62.3
"Polyester4",8,1095.4,38.4
"Polyester4",9,1174.5,89.4
"Polyester4",10,1247.8,32.8
"Polyester4",11,1340.3,78.6
"Polyester4",12,1375.1,93.9
"Polyester4",13,1407.8,81.2
"Polyester4",14,1458,92.8
"Polyester4",15,1506.2,93.6
"Polyester4",16,1577.6,96
"Polyester4",17,1612.3,96.9
"Polyester4",18,1718.3,34.5
"Polyester4",19,2347,101.6
"Polyester4",20,2970,97.8
"Polyester4",21,3342.2,99.9
"Polyester4",22,3371.1,99.9
"Polyester4",23,3398.1,100.2
"Polyester4",24,3434.7,99.4
"Polyester4",25,3978.6,100.2
"Polyester5",1,696.2,94.9
"Polyester5",2,725.1,60.4
"Polyester5",3,792.6,94.7
"Polyester5",4,848.6,92
"Polyester5",5,871.7,87.1
"Polyester5",6,970.1,92.6
"Polyester5",7,1018.3,78.5
"Polyester5",8,1045.3,92.2
"Polyester5",9,1097.3,64.5
"Polyester5",10,1174.5,95
"Polyester5",11,1247.8,61.4
"Polyester5",12,1340.3,88.1
"Polyester5",13,1375.1,96.4
"Polyester5",14,1407.8,89.3
"Polyester5",15,1458,96.5
"Polyester5",16,1504.3,96.8
"Polyester5",17,1577.6,98.4
"Polyester5",18,1718.3,62.9
"Polyester5",19,2345.1,100.3
"Polyester5",20,2921.8,98.3
"Polyester5",21,2964.2,98.4
"Polyester5",22,3978.6,98.5
"Polyester6",1,696.2,90.9
"Polyester6",2,725.1,48.2
"Polyester6",3,794.6,94.2
"Polyester6",4,848.6,89.8
"Polyester6",5,871.7,82.9
"Polyester6",6,970.1,90.4
"Polyester6",7,1018.3,73.8
"Polyester6",8,1097.3,56.3
"Polyester6",9,1176.4,95.1
"Polyester6",10,1245.8,50.6
"Polyester6",11,1338.4,84.9
"Polyester6",12,1375.1,97.2
"Polyester6",13,1407.8,88.3
"Polyester6",14,1465.7,98
"Polyester6",15,1504.3,97.2
"Polyester6",16,1575.6,99.5
"Polyester6",17,1718.3,53.7
"Polyester6",18,2343.2,103.9
"Polyester6",19,2910.2,102.1
"Polyester6",20,2970,101.8
"Polyester6",21,3978.6,104.3
"Polyester7",1,696.2,88.5
"Polyester7",2,725.1,60.5
"Polyester7",3,792.6,91.8
"Polyester7",4,848.6,88.8
"Polyester7",5,871.7,83.9
"Polyester7",6,972,91
"Polyester7",7,1018.3,80.3
"Polyester7",8,1099.3,68.3
"Polyester7",9,1174.5,94.3
"Polyester7",10,1249.7,63.4
"Polyester7",11,1340.3,86.3
"Polyester7",12,1375.1,96.1
"Polyester7",13,1407.8,89.2
"Polyester7",14,1504.3,96.7
"Polyester7",15,1577.6,98.5
"Polyester7",16,1716.4,62.7
"Polyester7",17,2912.1,101.2
"Polyester7",18,2971.9,100.8
"Polyester7",19,3434.7,101.5
"Polyester7",20,3978.6,102
"Polyester8",1,696.2,89.8
"Polyester8",2,725.1,78.6
"Polyester8",3,846.6,90.5
"Polyester8",4,871.7,89.4
"Polyester8",5,968.1,91.3
"Polyester8",6,1018.3,86.6
"Polyester8",7,1095.4,81.9
"Polyester8",8,1243.9,79.6
"Polyester8",9,1338.4,91.4
"Polyester8",10,1407.8,93
"Polyester8",11,1469.6,95.4
"Polyester8",12,1504.3,95.2
"Polyester8",13,1718.3,82.9
"Polyester8",14,3978.6,97.3
"Polyester9",1,696.2,85.7
"Polyester9",2,725.1,35.8
"Polyester9",3,792.6,88.2
"Polyester9",4,848.6,81.2
"Polyester9",5,871.7,72.4
"Polyester9",6,896.8,90.2
"Polyester9",7,970.1,83.3
"Polyester9",8,1018.3,64.9
"Polyester9",9,1047.2,84.7
"Polyester9",10,1097.3,45.2
"Polyester9",11,1178.3,89.4
"Polyester9",12,1247.8,36.8
"Polyester9",13,1340.3,76.2
"Polyester9",14,1377,92.7
"Polyester9",15,1407.8,80.8
"Polyester9",16,1469.6,92.5
"Polyester9",17,1506.2,92.2
"Polyester9",18,1577.6,95.8
"Polyester9",19,1716.4,35.1
"Polyester9",20,1957.5,98.9
"Polyester9",21,2345.1,101.3
"Polyester9",22,2910.2,98.2
"Polyester9",23,2970,97.5
"Polyester9",24,3400,99
"Polyester9",25,3434.7,98.7
"Polyester9",26,3691.2,99.5
"Polyester9",27,3978.6,99.3
"PP1",1,696.2,99
"PP1",2,715.5,97.7
"PP1",3,808.1,97.1
"PP1",4,840.8,94.9
"PP1",5,875.6,93.1
"PP1",6,900.6,97.7
"PP1",7,972,94.7
"PP1",8,997.1,95.3
"PP1",9,1103.1,98.4
"PP1",10,1166.8,95.4
"PP1",11,1257.4,97.9
"PP1",12,1299.8,98.2
"PP1",13,1375.1,81
"PP1",14,1456.1,84.3
"PP1",15,1735.7,98.9
"PP1",16,2840.8,90.1
"PP1",17,2873.5,90.8
"PP1",18,2917.9,75.3
"PP1",19,2954.5,85.4
"PP1",20,3978.6,100.1
"PP10",1,696.2,96.5
"PP10",2,721.3,96
"PP10",3,806.1,95.7
"PP10",4,840.8,94.8
"PP10",5,898.7,96.6
"PP10",6,972,95.2
"PP10",7,999,96.4
"PP10",8,1101.2,98.3
"PP10",9,1162.9,97.2
"PP10",10,1257.4,98.3
"PP10",11,1297.9,98.4
"PP10",12,1353.8,96.9
"PP10",13,1375.1,82.9
"PP10",14,1458,88.6
"PP10",15,2725,100.7
"PP10",16,2840.8,91.4
"PP10",17,2873.5,90.5
"PP10",18,2917.9,78.3
"PP10",19,2954.5,85.7
"PP10",20,3978.6,101.8
"PP11",1,696.2,97.1
"PP11",2,808.1,95.8
"PP11",3,840.8,94.1
"PP11",4,875.6,96.8
"PP11",5,898.7,96.5
"PP11",6,972,94.1
"PP11",7,999,95.1
"PP11",8,1101.2,97.8
"PP11",9,1164.8,94.9
"PP11",10,1257.4,97.3
"PP11",11,1299.8,97.8
"PP11",12,1375.1,79.9
"PP11",13,1456.1,86
"PP11",14,1735.7,97.4
"PP11",15,2725,98.7
"PP11",16,2838.8,87.5
"PP11",17,2873.5,87.6
"PP11",18,2917.9,74.8
"PP11",19,2954.5,81.4
"PP11",20,3978.6,99.1
"PP12",1,696.2,98.4
"PP12",2,808.1,95.7
"PP12",3,840.8,94.3
"PP12",4,898.7,96.6
"PP12",5,972,94.9
"PP12",6,997.1,95.7
"PP12",7,1103.1,98.4
"PP12",8,1164.8,96.4
"PP12",9,1257.4,98.2
"PP12",10,1299.8,98.4
"PP12",11,1351.9,96.9
"PP12",12,1375.1,78.2
"PP12",13,1456.1,86.8
"PP12",14,2723.1,99.2
"PP12",15,2838.8,86.7
"PP12",16,2871.6,87.8
"PP12",17,2917.9,72.4
"PP12",18,2952.6,79.1
"PP12",19,3978.6,99.4
"PP13",1,696.2,98.2
"PP13",2,808.1,97.1
"PP13",3,838.9,97.4
"PP13",4,973.9,97.3
"PP13",5,999,97.8
"PP13",6,1162.9,98.2
"PP13",7,1375.1,89.8
"PP13",8,1456.1,92.9
"PP13",9,2838.8,95.3
"PP13",10,2873.5,95.3
"PP13",11,2917.9,90.6
"PP13",12,2954.5,92.9
"PP13",13,3978.6,100
"PP14",1,696.2,97.3
"PP14",2,721.3,96
"PP14",3,808.1,96.4
"PP14",4,840.8,95.3
"PP14",5,898.7,97.2
"PP14",6,973.9,94.8
"PP14",7,999,95.7
"PP14",8,1101.2,98.4
"PP14",9,1164.8,96.6
"PP14",10,1257.4,98.6
"PP14",11,1297.9,98.8
"PP14",12,1353.8,97.2
"PP14",13,1375.1,82.7
"PP14",14,1458,87.7
"PP14",15,1745.3,99.7
"PP14",16,2723.1,101
"PP14",17,2840.8,90.3
"PP14",18,2873.5,89.6
"PP14",19,2919.8,76.4
"PP14",20,2954.5,83.9
"PP14",21,3978.6,102.1
"PP15",1,696.2,97.9
"PP15",2,808.1,96.1
"PP15",3,838.9,96
"PP15",4,898.7,97.2
"PP15",5,972,95.5
"PP15",6,999,96.8
"PP15",7,1103.1,99.1
"PP15",8,1164.8,96.8
"PP15",9,1299.8,98.8
"PP15",10,1375.1,81.8
"PP15",11,1456.1,87.3
"PP15",12,2725,100.5
"PP15",13,2840.8,90
"PP15",14,2873.5,89.8
"PP15",15,2917.9,76.7
"PP15",16,2954.5,83.3
"PP15",17,3978.6,101.3
"PP2",1,696.2,95.4
"PP2",2,806.1,96
"PP2",3,838.9,95.8
"PP2",4,896.8,97.4
"PP2",5,972,95.5
"PP2",6,999,96.5
"PP2",7,1101.2,98.3
"PP2",8,1162.9,97.3
"PP2",9,1257.4,98.4
"PP2",10,1375.1,82
"PP2",11,1458,88.2
"PP2",12,2840.8,91
"PP2",13,2873.5,91.2
"PP2",14,2917.9,77.1
"PP2",15,2952.6,85.5
"PP2",16,3978.6,100.9
"PP21",1,696.2,97.7
"PP21",2,721.3,97.2
"PP21",3,808.1,95.6
"PP21",4,840.8,94.5
"PP21",5,898.7,96.4
"PP21",6,972,95.1
"PP21",7,997.1,95.7
"PP21",8,1101.2,98.1
"PP21",9,1164.8,96.3
"PP21",10,1257.4,97.8
"PP21",11,1299.8,97.9
"PP21",12,1351.9,96.7
"PP21",13,1375.1,80.6
"PP21",14,1456.1,87.9
"PP21",15,2838.8,87.9
"PP21",16,2873.5,88.7
"PP21",17,2917.9,74.7
"PP21",18,2952.6,81.8
"PP21",19,3978.6,98.7
"PP22",1,696.2,97
"PP22",2,719.3,94.3
"PP22",3,808.1,95.9
"PP22",4,840.8,95.3
"PP22",5,898.7,97.1
"PP22",6,972,96.2
"PP22",7,999,96.9
"PP22",8,1043.3,98.8
"PP22",9,1105.1,98.8
"PP22",10,1162.9,97.6
"PP22",11,1257.4,98.6
"PP22",12,1297.9,98.8
"PP22",13,1375.1,82.4
"PP22",14,1458,88.1
"PP22",15,2725,100.4
"PP22",16,2842.7,90.2
"PP22",17,2875.5,89.3
"PP22",18,2917.9,71.9
"PP22",19,2952.6,83.6
"PP22",20,3978.6,100.9
"PP23",1,696.2,97.4
"PP23",2,806.1,96.2
"PP23",3,840.8,95.4
"PP23",4,898.7,97.2
"PP23",5,972,95.2
"PP23",6,999,96.3
"PP23",7,1101.2,97.7
"PP23",8,1164.8,96.4
"PP23",9,1257.4,97.9
"PP23",10,1297.9,98.3
"PP23",11,1353.8,96.8
"PP23",12,1375.1,82.5
"PP23",13,1458,87.4
"PP23",14,1733.8,99.5
"PP23",15,2725,100.1
"PP23",16,2840.8,90.2
"PP23",17,2873.5,89.1
"PP23",18,2917.9,77.3
"PP23",19,2954.5,83.4
"PP23",20,3978.6,100.6
"PP24",1,696.2,96.2
"PP24",2,808.1,95
"PP24",3,840.8,92.8
"PP24",4,898.7,95.7
"PP24",5,945,96.7
"PP24",6,972,92.8
"PP24",7,999,93.2
"PP24",8,1045.3,96
"PP24",9,1166.8,92.6
"PP24",10,1255.5,95.7
"PP24",11,1299.8,96.3
"PP24",12,1375.1,80.1
"PP24",13,1456.1,87
"PP24",14,1602.6,97.7
"PP24",15,1712.6,95.7
"PP24",16,2838.8,88.6
"PP24",17,2873.5,89.3
"PP24",18,2919.8,76.5
"PP24",19,2954.5,82.1
"PP24",20,3978.6,99.4
"PP25",1,696.2,97
"PP25",2,711.6,90.7
"PP25",3,810,95.6
"PP25",4,871.7,86.3
"PP25",5,972,94.4
"PP25",6,997.1,94.8
"PP25",7,1164.8,93.8
"PP25",8,1375.1,79.7
"PP25",9,1797.4,98.5
"PP25",10,2840.8,93.4
"PP25",11,2873.5,93.3
"PP25",12,2917.9,84.5
"PP25",13,2954.5,90.1
"PP25",14,3978.6,98.8
"PP3",1,696.2,92
"PP3",2,719.3,89.1
"PP3",3,806.1,93.6
"PP3",4,840.8,92.9
"PP3",5,875.6,93.6
"PP3",6,943.1,95.1
"PP3",7,972,93
"PP3",8,997.1,93.5
"PP3",9,1049.1,94
"PP3",10,1103.1,94.1
"PP3",11,1176.4,92.2
"PP3",12,1259.3,94.9
"PP3",13,1297.9,95
"PP3",14,1375.1,82.8
"PP3",15,1458,85.8
"PP3",16,1731.8,92.2
"PP3",17,2846.5,86.8
"PP3",18,2875.5,88.8
"PP3",19,2917.9,71.2
"PP3",20,2952.6,85
"PP3",21,3301.7,96.8
"PP3",22,3978.6,99
"PP4",1,696.2,97.8
"PP4",2,723.2,97.1
"PP4",3,808.1,95.6
"PP4",4,840.8,93.2
"PP4",5,898.7,96.5
"PP4",6,972,93.9
"PP4",7,997.1,94.6
"PP4",8,1103.1,98.4
"PP4",9,1164.8,95.7
"PP4",10,1257.4,97.9
"PP4",11,1299.8,98
"PP4",12,1351.9,96.8
"PP4",13,1375.1,78.5
"PP4",14,1456.1,86.5
"PP4",15,2725,98.7
"PP4",16,2840.8,86.6
"PP4",17,2873.5,87.7
"PP4",18,2917.9,70.7
"PP4",19,2954.5,80.7
"PP4",20,3978.6,99.3
"PP5",1,696.2,94.1
"PP5",2,808.1,95.5
"PP5",3,840.8,95.1
"PP5",4,898.7,96.7
"PP5",5,972,95.3
"PP5",6,999,96.3
"PP5",7,1103.1,97.9
"PP5",8,1162.9,96.7
"PP5",9,1257.4,98
"PP5",10,1375.1,81
"PP5",11,1456.1,87
"PP5",12,1652.8,99.4
"PP5",13,2725,100
"PP5",14,2838.8,89.1
"PP5",15,2873.5,89
"PP5",16,2917.9,77.5
"PP5",17,2954.5,83.4
"PP5",18,3978.6,100.9
"PP7",1,696.2,97.1
"PP7",2,808.1,95.9
"PP7",3,840.8,94.1
"PP7",4,898.7,96.5
"PP7",5,972,94
"PP7",6,999,94.9
"PP7",7,1103.1,97.2
"PP7",8,1164.8,95.2
"PP7",9,1257.4,97.2
"PP7",10,1299.8,97.5
"PP7",11,1375.1,79.8
"PP7",12,1458,86.9
"PP7",13,1648.9,98
"PP7",14,2840.8,87.5
"PP7",15,2873.5,87.5
"PP7",16,2917.9,73
"PP7",17,2952.6,80.4
"PP7",18,3978.6,98.3
"PP8",1,696.2,96.3
"PP8",2,808.1,95.7
"PP8",3,840.8,95.2
"PP8",4,873.6,96.6
"PP8",5,898.7,96.6
"PP8",6,972,94.9
"PP8",7,999,96.3
"PP8",8,1101.2,98.4
"PP8",9,1162.9,96.7
"PP8",10,1257.4,98.1
"PP8",11,1297.9,98.1
"PP8",12,1353.8,95.9
"PP8",13,1377,78.7
"PP8",14,1458,85.9
"PP8",15,2725,98.8
"PP8",16,2838.8,87.3
"PP8",17,2873.5,86.6
"PP8",18,2917.9,75.8
"PP8",19,2954.5,80.7
"PP8",20,3978.6,99.2
"PP9",1,696.2,95.6
"PP9",2,711.6,91.6
"PP9",3,808.1,94.8
"PP9",4,842.8,93.9
"PP9",5,873.6,84.5
"PP9",6,900.6,96.6
"PP9",7,972,94.5
"PP9",8,999,95
"PP9",9,1045.3,96.9
"PP9",10,1103.1,96.8
"PP9",11,1162.9,95.7
"PP9",12,1259.3,96.6
"PP9",13,1375.1,75.6
"PP9",14,1452.2,78.7
"PP9",15,2838.8,90.8
"PP9",16,2873.5,91.1
"PP9",17,2917.9,78.9
"PP9",18,2952.6,84.1
"PP9",19,3978.6,101.3
"PS1",1,696.2,72.1
"PS1",2,752.1,89.9
"PS1",3,873.6,90.2
"PS1",4,906.4,95
"PS1",5,1026,94.6
"PS1",6,1068.4,95.2
"PS1",7,1598.8,96.8
"PS1",8,2919.8,96.8
"PS1",9,3024,97.5
"PS1",10,3978.6,98.5
"PS10",1,696.2,84.9
"PS10",2,752.1,93.7
"PS10",3,1024.1,97.1
"PS10",4,1186.1,96.9
"PS10",5,1448.3,96
"PS10",6,1490.8,96.1
"PS10",7,2919.8,96.2
"PS10",8,3978.6,97.2
"PS11",1,696.2,54.8
"PS11",2,754.1,84.9
"PS11",3,842.8,96.4
"PS11",4,906.4,94.6
"PS11",5,968.1,95.5
"PS11",6,1026,93.4
"PS11",7,1068.4,94.8
"PS11",8,1182.2,96.1
"PS11",9,1371.2,96
"PS11",10,1448.3,91.2
"PS11",11,1490.8,91.4
"PS11",12,1600.7,95.2
"PS11",13,2850.4,96.6
"PS11",14,2919.8,94.5
"PS11",15,3025.9,96
"PS11",16,3978.6,98.7
"PS12",1,696.2,48.8
"PS12",2,754.1,78.9
"PS12",3,873.6,89
"PS12",4,906.4,90.2
"PS12",5,966.2,90.4
"PS12",6,1026,89.2
"PS12",7,1068.4,90.5
"PS12",8,1270.9,90.6
"PS12",9,1448.3,82.4
"PS12",10,1490.8,84.9
"PS12",11,1517.8,94
"PS12",12,1598.8,91.5
"PS12",13,1731.8,90.7
"PS12",14,2850.4,91.7
"PS12",15,2919.8,87.6
"PS12",16,3025.9,92.4
"PS12",17,3058.7,94.5
"PS12",18,3978.6,96.2
"PS13",1,696.2,54.2
"PS13",2,752.1,79.9
"PS13",3,844.7,92
"PS13",4,906.4,90.9
"PS13",5,1027.9,87.2
"PS13",6,1070.3,89.5
"PS13",7,1120.5,90
"PS13",8,1259.3,89.4
"PS13",9,1411.7,88.5
"PS13",10,1448.3,84.4
"PS13",11,1492.7,84
"PS13",12,1544.8,84.9
"PS13",13,1596.8,86
"PS13",14,1650.8,82.3
"PS13",15,2852.3,92.2
"PS13",16,2921.8,88.6
"PS13",17,3025.9,92.5
"PS13",18,3978.6,97.8
"PS14",1,696.2,67.8
"PS14",2,754.1,89.9
"PS14",3,873.6,96.2
"PS14",4,906.4,96.5
"PS14",5,1026,95.9
"PS14",6,1064.6,96.7
"PS14",7,1448.3,94.8
"PS14",8,1490.8,95.7
"PS14",9,1598.8,97.9
"PS14",10,2919.8,98
"PS14",11,3024,98.7
"PS14",12,3978.6,99.5
"PS15",1,696.2,37.6
"PS15",2,754.1,74.9
"PS15",3,840.8,94.5
"PS15",4,906.4,92.1
"PS15",5,968.1,94.6
"PS15",6,1026,90.5
"PS15",7,1068.4,93.4
"PS15",8,1155.2,94.2
"PS15",9,1182.2,94.1
"PS15",10,1371.2,94.3
"PS15",11,1448.3,84.9
"PS15",12,1492.7,81.4
"PS15",13,1600.7,91.4
"PS15",14,1735.7,95.7
"PS15",15,1803.2,96.9
"PS15",16,1872.6,97
"PS15",17,1944,97
"PS15",18,2850.4,94.5
"PS15",19,2921.8,89.8
"PS15",20,3025.9,91.6
"PS15",21,3058.7,95
"PS15",22,3978.6,98
"PS16",1,696.2,44.2
"PS16",2,754.1,78.2
"PS16",3,840.8,93.8
"PS16",4,906.4,91.4
"PS16",5,966.2,91.8
"PS16",6,1026,88.1
"PS16",7,1068.4,90.6
"PS16",8,1155.2,92.8
"PS16",9,1371.2,92.5
"PS16",10,1448.3,84.8
"PS16",11,1490.8,85.6
"PS16",12,1600.7,90.6
"PS16",13,1652.8,94.3
"PS16",14,1733.8,94.4
"PS16",15,1870.7,96.7
"PS16",16,1944,96.7
"PS16",17,2850.4,92.1
"PS16",18,2921.8,87.2
"PS16",19,3025.9,91.7
"PS16",20,3058.7,94.4
"PS16",21,3978.6,97
"PS17",1,696.2,42.4
"PS17",2,754.1,78.5
"PS17",3,840.8,95.1
"PS17",4,906.4,92.9
"PS17",5,966.2,95.1
"PS17",6,1026,91.5
"PS17",7,1068.4,94.3
"PS17",8,1155.2,95.2
"PS17",9,1182.2,95
"PS17",10,1369.3,95.2
"PS17",11,1448.3,87.1
"PS17",12,1490.8,86.4
"PS17",13,1598.8,93.2
"PS17",14,1737.6,97
"PS17",15,1803.2,97.5
"PS17",16,1870.7,97.6
"PS17",17,1942,97.6
"PS17",18,2850.4,95
"PS17",19,2919.8,90.6
"PS17",20,3025.9,92.4
"PS17",21,3058.7,95.6
"PS17",22,3978.6,98.5
"PS18",1,696.2,36.5
"PS18",2,754.1,76.5
"PS18",3,842.8,95.9
"PS18",4,906.4,93
"PS18",5,968.1,95.5
"PS18",6,1026,90.8
"PS18",7,1068.4,93.7
"PS18",8,1155.2,94.7
"PS18",9,1182.2,94.8
"PS18",10,1371.2,94.8
"PS18",11,1448.3,85.2
"PS18",12,1490.8,83.6
"PS18",13,1600.7,91.2
"PS18",14,1741.5,97.1
"PS18",15,1803.2,97.6
"PS18",16,1870.7,97.7
"PS18",17,1944,97.5
"PS18",18,2850.4,94
"PS18",19,2921.8,88.4
"PS18",20,3025.9,90.9
"PS18",21,3058.7,94.8
"PS18",22,3978.6,98.7
"PS2",1,696.2,39.6
"PS2",2,752.1,76.4
"PS2",3,840.8,94.7
"PS2",4,877.5,95.3
"PS2",5,906.4,92.7
"PS2",6,966.2,92.7
"PS2",7,1024.1,88.6
"PS2",8,1155.2,96.2
"PS2",9,1184.1,96.3
"PS2",10,1371.2,95.6
"PS2",11,1448.3,86.3
"PS2",12,1490.8,86.1
"PS2",13,1600.7,93.2
"PS2",14,1733.8,98.3
"PS2",15,1803.2,98.7
"PS2",16,1870.7,98.9
"PS2",17,1944,98.9
"PS2",18,2850.4,94.7
"PS2",19,2921.8,89.6
"PS2",20,3025.9,93.4
"PS2",21,3058.7,96.9
"PS2",22,3978.6,100.4
"PS3",1,696.2,58
"PS3",2,754.1,84.8
"PS3",3,840.8,96.1
"PS3",4,906.4,95.2
"PS3",5,1026,94.3
"PS3",6,1070.3,96.1
"PS3",7,1448.3,92.3
"PS3",8,1492.7,90.9
"PS3",9,1540.9,96.6
"PS3",10,1600.7,95.4
"PS3",11,1650.8,96.2
"PS3",12,2848.5,98.1
"PS3",13,2919.8,96.1
"PS3",14,3025.9,96.8
"PS3",15,3978.6,99.7
"PS6",1,696.2,35.4
"PS6",2,754.1,75.3
"PS6",3,840.8,95.1
"PS6",4,906.4,92.5
"PS6",5,968.1,95.5
"PS6",6,1026,91.1
"PS6",7,1068.4,94.1
"PS6",8,1155.2,95.2
"PS6",9,1184.1,95.4
"PS6",10,1371.2,94.9
"PS6",11,1448.3,85
"PS6",12,1492.7,81.1
"PS6",13,1542.8,97.7
"PS6",14,1600.7,91.6
"PS6",15,1741.5,97.5
"PS6",16,1803.2,97.5
"PS6",17,1870.7,97.6
"PS6",18,1944,97.5
"PS6",19,2850.4,94.4
"PS6",20,2921.8,88.9
"PS6",21,3025.9,91
"PS6",22,3058.7,94.9
"PS6",23,3978.6,98.3
"PS8",1,696.2,56
"PS8",2,754.1,82.6
"PS8",3,840.8,94.9
"PS8",4,906.4,93.3
"PS8",5,1026,91
"PS8",6,1068.4,92.8
"PS8",7,1371.2,95.1
"PS8",8,1448.3,89.4
"PS8",9,1490.8,89.4
"PS8",10,1600.7,93.7
"PS8",11,1733.8,96
"PS8",12,1942,97.9
"PS8",13,2850.4,95.7
"PS8",14,2921.8,92.6
"PS8",15,3025.9,95
"PS8",16,3058.7,97
"PS8",17,3978.6,98.5
"PU1",1,696.2,94.1
"PU1",2,702,89.9
"PU1",3,759.8,92.8
"PU1",4,815.8,96.8
"PU1",5,871.7,99
"PU1",6,929.6,97.1
"PU1",7,964.3,96.4
"PU1",8,1099.3,76.1
"PU1",9,1222.7,86.2
"PU1",10,1294.1,94.2
"PU1",11,1375.1,93.9
"PU1",12,1411.7,96.8
"PU1",13,1450.3,90.6
"PU1",14,1535.1,85.9
"PU1",15,1596.8,94.7
"PU1",16,1645.1,94.2
"PU1",17,1726.1,89.2
"PU1",18,2239,99.1
"PU1",19,2869.7,92.7
"PU1",20,2925.6,93.4
"PU1",21,2970,94
"PU1",22,3978.6,99.7
"PU11",1,696.2,91.2
"PU11",2,709.7,90.4
"PU11",3,740.6,87.9
"PU11",4,769.5,85.8
"PU11",5,815.8,88.3
"PU11",6,850.5,91.6
"PU11",7,958.5,82.9
"PU11",8,1070.3,73.6
"PU11",9,1164.8,52
"PU11",10,1224.6,71.1
"PU11",11,1255.5,66.7
"PU11",12,1309.5,85.1
"PU11",13,1367.3,83.4
"PU11",14,1413.6,84.4
"PU11",15,1461.8,89
"PU11",16,1529.3,82.4
"PU11",17,1596.8,92.5
"PU11",18,1728,44.4
"PU11",19,2873.5,94.7
"PU11",20,2952.6,90.9
"PU11",21,3330.6,98
"PU11",22,3978.6,99.9
"PU13",1,696.2,91.6
"PU13",2,767.6,87
"PU13",3,821.6,87
"PU13",4,927.6,88
"PU13",5,1016.3,82.9
"PU13",6,1095.4,65.1
"PU13",7,1218.8,80.3
"PU13",8,1309.5,86.8
"PU13",9,1344.2,91.6
"PU13",10,1373.1,87.4
"PU13",11,1411.7,88.9
"PU13",12,1452.2,91
"PU13",13,1533.2,82
"PU13",14,1600.7,89.7
"PU13",15,1708.7,85.8
"PU13",16,2867.8,91.2
"PU13",17,2971.9,92.5
"PU13",18,3311.3,96.1
"PU13",19,3978.6,98.7
"PU14",1,696.2,73.5
"PU14",2,765.6,70.7
"PU14",3,819.6,72.2
"PU14",4,1066.5,56.9
"PU14",5,1134,57.1
"PU14",6,1166.8,57.9
"PU14",7,1218.8,63.7
"PU14",8,1309.5,74.7
"PU14",9,1373.1,76.1
"PU14",10,1413.6,74.7
"PU14",11,1452.2,77.7
"PU14",12,1531.3,72.9
"PU14",13,1598.8,79.3
"PU14",14,1729.9,54.9
"PU14",15,2869.7,84.4
"PU14",16,2927.5,83.7
"PU14",17,3315.2,86.6
"PU14",18,3978.6,90.7
"PU14",19,3997.9,90.7
"PU15",1,696.2,88.3
"PU15",2,771.4,78.8
"PU15",3,815.8,83
"PU15",4,850.5,88.2
"PU15",5,958.5,87.2
"PU15",6,1074.2,65.7
"PU15",7,1172.6,64.8
"PU15",8,1222.7,55.5
"PU15",9,1309.5,76.1
"PU15",10,1359.6,88.8
"PU15",11,1413.6,77.4
"PU15",12,1469.6,90.5
"PU15",13,1529.3,63.4
"PU15",14,1596.8,84.1
"PU15",15,1702.9,61.6
"PU15",16,1728,61.3
"PU15",17,2956.5,92.3
"PU15",18,3122.3,99
"PU15",19,3332.5,92.8
"PU15",20,3978.6,99.7
"PU16",1,696.2,82.3
"PU16",2,709.7,81.5
"PU16",3,769.5,79
"PU16",4,873.6,72.8
"PU16",5,948.8,76.5
"PU16",6,1091.6,58.9
"PU16",7,1224.6,69.1
"PU16",8,1288.3,83.1
"PU16",9,1351.9,82.8
"PU16",10,1411.7,74.5
"PU16",11,1446.4,76.5
"PU16",12,1535.1,77
"PU16",13,1600.7,87.5
"PU16",14,1643.1,91.1
"PU16",15,1726.1,81.8
"PU16",16,2869.7,87.8
"PU16",17,3299.7,93.2
"PU16",18,3978.6,97.7
"PU17",1,696.2,89.7
"PU17",2,734.8,86.4
"PU17",3,771.4,82.8
"PU17",4,815.8,86.5
"PU17",5,846.6,90
"PU17",6,962.3,86.6
"PU17",7,1072.3,74.8
"PU17",8,1105.1,82.4
"PU17",9,1184.1,63.9
"PU17",10,1228.5,66.7
"PU17",11,1305.6,82.1
"PU17",12,1365.4,87.4
"PU17",13,1413.6,82.3
"PU17",14,1469.6,89.7
"PU17",15,1529.3,75.5
"PU17",16,1596.8,89.4
"PU17",17,1701,71.3
"PU17",18,1726.1,51.6
"PU17",19,2865.8,92.9
"PU17",20,2944.9,88
"PU17",21,3330.6,96.8
"PU17",22,3978.6,99.9
"PU18",1,696.2,87.5
"PU18",2,763.7,82.7
"PU18",3,815.8,84.3
"PU18",4,873.6,87.7
"PU18",5,931.5,85.8
"PU18",6,1006.7,79.8
"PU18",7,1072.3,60.7
"PU18",8,1220.8,63.5
"PU18",9,1375.1,85
"PU18",10,1413.6,82.9
"PU18",11,1450.3,80.8
"PU18",12,1535.1,70.1
"PU18",13,1598.8,83.5
"PU18",14,1710.6,80.4
"PU18",15,2865.8,90.7
"PU18",16,2925.6,89.9
"PU18",17,2970,91.3
"PU18",18,3299.7,93.5
"PU18",19,3978.6,98.9
"PU19",1,696.2,88.1
"PU19",2,771.4,82.8
"PU19",3,815.8,81.3
"PU19",4,950.8,83.6
"PU19",5,1070.3,60
"PU19",6,1222.7,68.1
"PU19",7,1311.4,83.6
"PU19",8,1350,90.6
"PU19",9,1377,91.3
"PU19",10,1413.6,84.9
"PU19",11,1456.1,89.7
"PU19",12,1533.2,76
"PU19",13,1600.7,88.2
"PU19",14,1729.9,67.8
"PU19",15,2869.7,91.8
"PU19",16,2919.8,92.3
"PU19",17,3118.5,97.9
"PU19",18,3978.6,99.9
"PU20",1,696.2,87.2
"PU20",2,771.4,77.5
"PU20",3,815.8,81.8
"PU20",4,850.5,87.2
"PU20",5,956.6,87.6
"PU20",6,1072.3,65.6
"PU20",7,1174.5,66.2
"PU20",8,1222.7,53.3
"PU20",9,1311.4,75.1
"PU20",10,1359.6,88.6
"PU20",11,1413.6,75.8
"PU20",12,1469.6,89.5
"PU20",13,1529.3,60.7
"PU20",14,1596.8,82.5
"PU20",15,1702.9,59.1
"PU20",16,1728,62.5
"PU20",17,2954.5,91.9
"PU20",18,3041.3,98.1
"PU20",19,3122.3,98.4
"PU20",20,3332.5,92
"PU20",21,3978.6,98.9
"PU21",1,696.2,67.3
"PU21",2,757.9,68
"PU21",3,813.8,66.1
"PU21",4,918,68.7
"PU21",5,1016.3,64.1
"PU21",6,1097.3,55.4
"PU21",7,1230.4,72
"PU21",8,1305.6,73.6
"PU21",9,1344.2,79.9
"PU21",10,1373.1,76.8
"PU21",11,1409.8,78.1
"PU21",12,1454.1,80.3
"PU21",13,1510.1,67.8
"PU21",14,1537.1,73.2
"PU21",15,1598.8,78.5
"PU21",16,1647,84.5
"PU21",17,1706.8,83.8
"PU21",18,2867.8,85.3
"PU21",19,2970,87.4
"PU21",20,3978.6,95
"PU6",1,696.2,88.3
"PU6",2,709.7,87.7
"PU6",3,771.4,79.6
"PU6",4,815.8,83.3
"PU6",5,852.4,87.8
"PU6",6,918,88.8
"PU6",7,956.6,88
"PU6",8,1074.2,64.9
"PU6",9,1139.8,66.4
"PU6",10,1168.7,64.2
"PU6",11,1222.7,57.4
"PU6",12,1309.5,77.9
"PU6",13,1384.7,87.9
"PU6",14,1413.6,78.6
"PU6",15,1454.1,89.2
"PU6",16,1529.3,67.2
"PU6",17,1596.8,85.8
"PU6",18,1704.8,63.4
"PU6",19,1731.8,58.5
"PU6",20,2956.5,93.1
"PU6",21,3330.6,93.4
"PU6",22,3978.6,99.6
"PU7",1,696.2,88
"PU7",2,757.9,89
"PU7",3,815.8,88.3
"PU7",4,875.6,89.7
"PU7",5,929.6,88.8
"PU7",6,1010.6,84.1
"PU7",7,1099.3,61
"PU7",8,1224.6,77.5
"PU7",9,1294.1,86.1
"PU7",10,1340.3,90
"PU7",11,1375.1,83.8
"PU7",12,1411.7,87.8
"PU7",13,1450.3,83.4
"PU7",14,1540.9,75.8
"PU7",15,1596.8,85.7
"PU7",16,1641.2,82.3
"PU7",17,1722.2,90.5
"PU7",18,2271.8,99.5
"PU7",19,2867.8,90.8
"PU7",20,2971.9,91.6
"PU7",21,3284.3,93.8
"PU7",22,3978.6,99.4
"PVC2",1,696.2,88.1
"PVC2",2,742.5,90.6
"PVC2",3,873.6,83.3
"PVC2",4,958.5,87.8
"PVC2",5,1039.5,93.4
"PVC2",6,1074.2,88.6
"PVC2",7,1126.3,89.6
"PVC2",8,1201.5,93.5
"PVC2",9,1255.5,80.8
"PVC2",10,1328.8,91.2
"PVC2",11,1429.1,74.1
"PVC2",12,1579.5,98.5
"PVC2",13,1722.2,89.2
"PVC2",14,2865.8,98.7
"PVC2",15,2923.7,96.1
"PVC2",16,2960.3,96.4
"PVC2",17,3978.6,101.3
"PVC21",1,696.2,88.6
"PVC21",2,837,94.6
"PVC21",3,962.3,90.3
"PVC21",4,1099.3,93.7
"PVC21",5,1197.6,94.1
"PVC21",6,1247.8,88.1
"PVC21",7,1328.8,93.5
"PVC21",8,1429.1,92.8
"PVC21",9,1729.9,96.2
"PVC21",10,2852.3,99.8
"PVC21",11,2917.9,97.3
"PVC21",12,3978.6,101.1
"PVC22",1,696.2,86.8
"PVC22",2,835.1,93.1
"PVC22",3,966.2,87.1
"PVC22",4,1054.9,82
"PVC22",5,1101.2,85.4
"PVC22",6,1162.9,90.2
"PVC22",7,1197.6,91.4
"PVC22",8,1249.7,86.8
"PVC22",9,1326.8,89.8
"PVC22",10,1429.1,89.6
"PVC22",11,1733.8,95.2
"PVC22",12,2854.3,96.6
"PVC22",13,2921.8,93.5
"PVC22",14,3978.6,101.2
"PVC23",1,696.2,89.6
"PVC23",2,707.8,87
"PVC23",3,742.5,86.4
"PVC23",4,873.6,75.4
"PVC23",5,921.8,93.1
"PVC23",6,964.3,90.9
"PVC23",7,1039.5,89.2
"PVC23",8,1070.3,83.1
"PVC23",9,1118.6,81.9
"PVC23",10,1282.5,75.2
"PVC23",11,1421.3,74
"PVC23",12,1587.2,98.1
"PVC23",13,1720.3,82.7
"PVC23",14,2858.1,97.2
"PVC23",15,2925.6,93.5
"PVC23",16,3978.6,102.5
"PVC24",1,696.2,88.9
"PVC24",2,742.5,89.8
"PVC24",3,835.1,94.6
"PVC24",4,875.6,94.8
"PVC24",5,962.3,89.3
"PVC24",6,1041.4,94.1
"PVC24",7,1072.3,88.9
"PVC24",8,1126.3,89.5
"PVC24",9,1199.6,95
"PVC24",10,1259.3,82.5
"PVC24",11,1328.8,93.5
"PVC24",12,1380.8,95.5
"PVC24",13,1429.1,92.3
"PVC24",14,1459.9,95.5
"PVC24",15,1724.1,87.4
"PVC24",16,2862,98.4
"PVC24",17,2925.6,94.6
"PVC24",18,2956.5,96
"PVC24",19,3978.6,102.3
"PVC25",1,696.2,89.3
"PVC25",2,740.6,85.6
"PVC25",3,846.6,94.8
"PVC25",4,873.6,85.8
"PVC25",5,964.3,90
"PVC25",6,1041.4,92.9
"PVC25",7,1072.3,84.7
"PVC25",8,1124.3,81.9
"PVC25",9,1272.8,73.2
"PVC25",10,1382.8,87.2
"PVC25",11,1427.1,84.2
"PVC25",12,1724.1,78.6
"PVC25",13,2869.7,97.1
"PVC25",14,2923.7,93.8
"PVC25",15,2960.3,92.8
"PVC25",16,3978.6,102.6
"PVC27",1,696.2,85.7
"PVC27",2,837,93.8
"PVC27",3,962.3,88.5
"PVC27",4,1095.4,92.3
"PVC27",5,1168.7,91.7
"PVC27",6,1195.7,91.6
"PVC27",7,1249.7,85.2
"PVC27",8,1328.8,91.4
"PVC27",9,1429.1,89.5
"PVC27",10,1731.8,92
"PVC27",11,2852.3,98.6
"PVC27",12,2917.9,95.5
"PVC27",13,3978.6,100.9
"PVC5",1,696.2,89.2
"PVC5",2,835.1,93.5
"PVC5",3,960.4,88.3
"PVC5",4,1097.3,92.6
"PVC5",5,1195.7,92.3
"PVC5",6,1251.6,85.3
"PVC5",7,1328.8,92.5
"PVC5",8,1429.1,91.5
"PVC5",9,1459.9,96.2
"PVC5",10,1731.8,92.2
"PVC5",11,2856.2,97.4
"PVC5",12,2921.8,93.9
"PVC5",13,3978.6,101.2
"PVC7",1,696.2,87
"PVC7",2,837,94.2
"PVC7",3,964.3,88.9
"PVC7",4,1095.4,93.2
"PVC7",5,1197.6,93.5
"PVC7",6,1249.7,87.1
"PVC7",7,1328.8,92.2
"PVC7",8,1429.1,91.1
"PVC7",9,1731.8,97.3
"PVC7",10,2852.3,100
"PVC7",11,2914,96.9
"PVC7",12,3978.6,101.8
"R10",1,696.2,72.7
"R10",2,875.6,89.1
"R10",3,968.1,80.7
"R10",4,1107,67
"R10",5,1353.8,95
"R10",6,1398.2,92.2
"R10",7,1463.8,91.6
"R10",8,1733.8,86.7
"R10",9,2237.1,100.3
"R10",10,2850.4,83.4
"R10",11,2917.9,78.7
"R10",12,3978.6,101.9
"R11",1,696.2,74.9
"R11",2,725.1,90.1
"R11",3,754.1,87.2
"R11",4,912.2,85.1
"R11",5,964.3,81
"R11",6,1029.8,79.3
"R11",7,1091.6,86.6
"R11",8,1375.1,93
"R11",9,1465.7,89.1
"R11",10,1535.1,94.9
"R11",11,1735.7,95.1
"R11",12,2825.3,94.1
"R11",13,2848.5,64.5
"R11",14,2917.9,57.5
"R11",15,2956.5,89.7
"R11",16,3691.2,96
"R11",17,3978.6,97.5
"R12",1,694.3,76.4
"R12",2,746.3,82
"R12",3,790.7,85.4
"R12",4,914.1,70.1
"R12",5,968.1,73.8
"R12",6,1006.7,53.7
"R12",7,1033.7,48
"R12",8,1074.2,59.8
"R12",9,1269,88.3
"R12",10,1380.8,95.5
"R12",11,1459.9,92.9
"R12",12,1542.8,95.4
"R12",13,1575.6,95
"R12",14,1726.1,89.4
"R12",15,2239,99.1
"R12",16,2852.3,93.9
"R12",17,2919.8,89.4
"R12",18,3621.8,95.3
"R12",19,3648.8,94.9
"R12",20,3691.2,90.2
"R12",21,3978.6,100.2
"R13",1,696.2,88.8
"R13",2,721.3,87.8
"R13",3,796.5,89.3
"R13",4,1022.1,75.6
"R13",5,1099.3,64.7
"R13",6,1375.1,93.5
"R13",7,1461.8,89.9
"R13",8,1735.7,98.6
"R13",9,2850.4,80.7
"R13",10,2919.8,73
"R13",11,3978.6,100.8
"R14",1,696.2,77.2
"R14",2,746.3,83.1
"R14",3,788.8,86.4
"R14",4,873.6,83.6
"R14",5,914.1,76
"R14",6,968.1,75.6
"R14",7,1006.7,63.9
"R14",8,1033.7,58.1
"R14",9,1080,63
"R14",10,1278.6,87.8
"R14",11,1434.8,84.7
"R14",12,1539,93.6
"R14",13,1575.6,94.5
"R14",14,1726.1,90.7
"R14",15,2239,97.8
"R14",16,2852.3,92.1
"R14",17,2921.8,88.1
"R14",18,3621.8,95.7
"R14",19,3650.7,95.5
"R14",20,3693.2,91.9
"R14",21,3978.6,98.5
"R15",1,696.2,74.5
"R15",2,744.4,80.8
"R15",3,786.8,86.1
"R15",4,914.1,71.6
"R15",5,968.1,77
"R15",6,1006.7,54.6
"R15",7,1033.7,49.8
"R15",8,1076.1,61.5
"R15",9,1276.7,88.4
"R15",10,1382.8,94.5
"R15",11,1458,92.3
"R15",12,1670.1,98
"R15",13,1726.1,89.6
"R15",14,2239,99.5
"R15",15,2850.4,90.3
"R15",16,2919.8,85.9
"R15",17,3621.8,95.1
"R15",18,3650.7,94.6
"R15",19,3693.2,89.6
"R15",20,3978.6,100.1
"R16",1,696.2,28.2
"R16",2,810,30.8
"R16",3,904.5,31.3
"R16",4,960.4,29.2
"R16",5,1436.8,38.3
"R16",6,1535.1,41.4
"R16",7,2383.7,48.9
"R16",8,2844.6,48.1
"R16",9,2914,47.2
"R16",10,3978.6,57.2
"R16",11,3992.1,57.3
"R17",1,696.2,94.4
"R17",2,723.2,96.1
"R17",3,806.1,96.9
"R17",4,906.4,97.8
"R17",5,958.5,96.3
"R17",6,1091.6,96.3
"R17",7,1261.3,98
"R17",8,1305.6,98.6
"R17",9,1371.2,97.9
"R17",10,1463.8,95.8
"R17",11,1510.1,97.2
"R17",12,1539,97.3
"R17",13,1598.8,97.3
"R17",14,2385.6,97.4
"R17",15,2825.3,96.4
"R17",16,2848.5,80.9
"R17",17,2917.9,76.6
"R17",18,2954.5,95.3
"R17",19,3978.6,99.5
"R2",1,696.2,83.1
"R2",2,723.2,90.8
"R2",3,754.1,90.9
"R2",4,873.6,90.7
"R2",5,910.3,91.7
"R2",6,966.2,88
"R2",7,1024.1,92.5
"R2",8,1164.8,92.4
"R2",9,1375.1,89.2
"R2",10,1456.1,86.8
"R2",11,1602.6,96.1
"R2",12,1739.6,94.4
"R2",13,2852.3,84.7
"R2",14,2921.8,76.8
"R2",15,3978.6,98.6
"R3",1,696.2,68.1
"R3",2,848.6,85.9
"R3",3,871.7,73.7
"R3",4,966.2,81.3
"R3",5,1091.6,51
"R3",6,1431,68.2
"R3",7,1731.8,96.7
"R3",8,1793.6,98
"R3",9,2850.4,87.5
"R3",10,2919.8,83.7
"R3",11,2956.5,91.1
"R3",12,3978.6,99.1
"R4",1,696.2,69.2
"R4",2,754.1,74.8
"R4",3,796.5,73.6
"R4",4,910.3,72.8
"R4",5,964.3,68.9
"R4",6,1085.8,43
"R4",7,1311.4,89.3
"R4",8,1373.1,88.1
"R4",9,1448.3,85.2
"R4",10,1492.7,88.6
"R4",11,1540.9,88.8
"R4",12,1600.7,86.5
"R4",13,2848.5,83.9
"R4",14,2917.9,79.6
"R4",15,3978.6,94.3
"R5",1,696.2,79.8
"R5",2,727.1,81.5
"R5",3,796.5,82.3
"R5",4,910.3,78.2
"R5",5,966.2,80.2
"R5",6,1097.3,49.9
"R5",7,1375.1,93.2
"R5",8,1456.1,90.5
"R5",9,1600.7,93.4
"R5",10,1639.3,93
"R5",11,2848.5,80.6
"R5",12,2917.9,75.6
"R5",13,3006.6,93.1
"R5",14,3074.1,94.8
"R5",15,3978.6,96
"R6",1,696.2,96
"R6",2,798.4,94.5
"R6",3,877.5,95.5
"R6",4,1027.9,87.1
"R6",5,1259.3,97.9
"R6",6,1323,95
"R6",7,1373.1,96.1
"R6",8,1452.2,95
"R6",9,1645.1,89.4
"R6",10,2900.5,97.8
"R6",11,2929.5,97.2
"R6",12,3978.6,99.2
"R8",1,696.2,72.7
"R8",2,796.5,86.5
"R8",3,875.6,91.2
"R8",4,966.2,86
"R8",5,1093.5,55.2
"R8",6,1375.1,93.5
"R8",7,1452.2,89.3
"R8",8,2852.3,90.6
"R8",9,2921.8,85.4
"R8",10,3978.6,101.7
"R9",1,696.2,82
"R9",2,750.2,87.2
"R9",3,788.8,90.2
"R9",4,829.3,89.3
"R9",5,914.1,78.4
"R9",6,1014.4,45.6
"R9",7,1089.6,81
"R9",8,1182.2,90.2
"R9",9,1243.9,89.8
"R9",10,1375.1,96.3
"R9",11,1461.8,92
"R9",12,1508.1,93.2
"R9",13,1552.5,97
"R9",14,1608.4,97.3
"R9",15,1641.2,95.3
"R9",16,1737.6,95.3
"R9",17,2852.3,87.4
"R9",18,2919.8,81.3
"R9",19,3303.6,97.6
"R9",20,3621.8,97.2
"R9",21,3652.7,96.8
"R9",22,3693.2,93.6
"R9",23,3978.6,99.7
